date,WTI_Price_USD,Brent_Price_USD
2026-01-26,60.46,67.7
2026-01-23,60.7,68.16
2026-01-22,59.24,65.46
2026-01-21,60.38,66.72
2026-01-20,60.3,67.68
2026-01-19,,66.91
2026-01-16,59.4,66.97
2026-01-15,59.13,66.16
2026-01-14,61.84,68.87
2026-01-13,60.85,67.58
2026-01-12,59.39,65.4
2026-01-09,58.96,65.11
2026-01-08,57.74,63.34
2026-01-07,56.01,61.08
2026-01-06,56.97,62.1
2026-01-05,58.1,63
2026-01-02,57.21,61.98
2025-12-31,57.26,61.35
2025-12-30,57.79,62.3
2025-12-29,57.89,63.1
2025-12-26,56.6,
2025-12-24,58.72,63.7
2025-12-23,58.55,63.7
2025-12-22,58.18,62.22
2025-12-19,56.8,61.35
2025-12-18,56.22,60.69
2025-12-17,56.07,60.61
2025-12-16,55.44,59.93
2025-12-15,56.97,61.55
2025-12-12,57.61,62.11
2025-12-11,57.76,61.87
2025-12-10,58.67,63.12
2025-12-09,58.4,62.62
2025-12-08,59.04,63.3
2025-12-05,60.23,64.42
2025-12-04,59.82,64.15
2025-12-03,59.09,63.75
2025-12-02,58.81,63.37
2025-12-01,59.47,64.22
2025-11-28,58.58,64.07
2025-11-27,,64.18
2025-11-26,58.81,64.81
2025-11-25,58.25,63.99
2025-11-24,59.11,64.83
2025-11-21,58.86,62.78
2025-11-20,60.07,63.64
2025-11-19,60.27,63.78
2025-11-18,61.51,64.86
2025-11-17,60.66,63.16
2025-11-14,60.87,63.45
2025-11-13,59.54,62.14
2025-11-12,59.3,61.88
2025-11-11,,63.86
2025-11-10,60.94,63.01
2025-11-07,60.54,63.72
2025-11-06,60.24,63.41
2025-11-05,60.4,63.54
2025-11-04,61.38,65.04
2025-11-03,61.79,65.79
2025-10-31,61.75,65.44
2025-10-30,61.36,65.11
2025-10-29,61.26,65.01
2025-10-28,60.97,64.03
2025-10-27,62.13,65.52
2025-10-24,62.27,65.8
2025-10-23,62.44,66.32
2025-10-22,59.3,62.28
2025-10-21,58.66,61
2025-10-20,58.34,60.71
2025-10-17,58.3,61.23
2025-10-16,58.29,61.08
2025-10-15,59.08,62.33
2025-10-14,59.52,63
2025-10-13,,64.15
2025-10-10,59.75,64.41
2025-10-09,62.36,67.23
2025-10-08,63.37,67.42
2025-10-07,62.52,67.1
2025-10-06,62.49,67.09
2025-10-03,61.65,66.13
2025-10-02,61.28,65.44
2025-10-01,62.59,66.67
2025-09-30,63.17,68.52
2025-09-29,64.27,69
2025-09-26,66.5,71.15
2025-09-25,65.51,70.48
2025-09-24,65.4,69.64
2025-09-23,63.76,67.96
2025-09-22,62.99,66.87
2025-09-19,63.02,67.05
2025-09-18,63.91,67.83
2025-09-17,64.41,69.19
2025-09-16,64.89,69.69
2025-09-15,63.66,67.88
2025-09-12,63.02,67.87
2025-09-11,62.71,67.25
2025-09-10,64.01,67.62
2025-09-09,62.97,67.97
2025-09-08,62.6,65.44
2025-09-05,62.22,64.92
2025-09-04,63.81,66.41
2025-09-03,64.36,67.76
2025-09-02,65.95,68.09
2025-09-01,,67.09
2025-08-29,64.36,67.83
2025-08-28,64.96,68.61
2025-08-27,64.49,67.75
2025-08-26,63.6,66.89
2025-08-25,65.18,
2025-08-22,64.08,68.29
2025-08-21,64.56,68.41
2025-08-20,64.19,67.61
2025-08-19,63.38,66.62
2025-08-18,64.51,68.18
2025-08-15,63.78,67.3
2025-08-14,64.99,68.12
2025-08-13,63.68,66.25
2025-08-12,64.22,66.8
2025-08-11,65.03,67.36
2025-08-08,64.94,67.17
2025-08-07,64.9,66.99
2025-08-06,65.38,67.97
2025-08-05,66.2,69.14
2025-08-04,67.33,69.56
2025-08-01,68.39,70.55
2025-07-31,70.36,73.43
2025-07-30,71.09,73.98
2025-07-29,70.27,73.21
2025-07-28,67.81,70.87
2025-07-25,66.38,69.23
2025-07-24,67.16,70.42
2025-07-23,66.05,69.17
2025-07-22,67.56,69.69
2025-07-21,68.39,71.92
2025-07-18,68.53,71.06
2025-07-17,68.76,71.32
2025-07-16,67.13,69.67
2025-07-15,67.76,70.27
2025-07-14,68.19,70.96
2025-07-11,69.63,72.06
2025-07-10,67.78,70.38
2025-07-09,69.61,71.98
2025-07-08,69.55,72.5
2025-07-07,69.16,71.95
2025-07-04,,71.03
2025-07-03,68.13,70.42
2025-07-02,68.66,70.8
2025-07-01,66.64,67.63
2025-06-30,66.3,68.15
2025-06-27,66.66,69.37
2025-06-26,66.44,68.57
2025-06-25,65.98,68.4
2025-06-24,65.45,69.13
2025-06-23,69.36,74.34
2025-06-20,75.72,78.73
2025-06-19,,80.37
2025-06-18,75.89,78.38
2025-06-17,75.62,78.7
2025-06-16,72.53,75.05
2025-06-13,73.84,76
2025-06-12,68.73,70.84
2025-06-11,68.91,71.29
2025-06-10,65.66,68.41
2025-06-09,65.99,68.73
2025-06-06,65.3,68.02
2025-06-05,64.06,67.14
2025-06-04,63.57,66.69
2025-06-03,64.1,67.48
2025-06-02,63.27,66.55
2025-05-30,61.46,64.32
2025-05-29,61.66,64.6
2025-05-28,62.54,65.72
2025-05-27,61.61,64.32
2025-05-23,62.89,65.41
2025-05-22,62.55,64.87
2025-05-21,62.93,65.86
2025-05-20,63.97,66.93
2025-05-19,63.98,66.25
2025-05-16,63.84,65.2
2025-05-15,63.03,64.36
2025-05-14,64.48,65.91
2025-05-13,65.04,66.93
2025-05-12,63.32,65.28
2025-05-09,62.37,64.26
2025-05-08,61.25,62.22
2025-05-07,59.42,60.31
2025-05-06,60.42,62.37
2025-05-05,58.5,
2025-05-02,59.67,61.57
2025-05-01,60.59,62.37
2025-04-30,59.55,63.37
2025-04-29,61.84,64.04
2025-04-28,63.3,66.13
2025-04-25,63.85,66.99
2025-04-24,63.55,67.5
2025-04-23,62.64,68.26
2025-04-22,64.6,68.93
2025-04-21,63.48,
2025-04-17,65.07,69.33
2025-04-16,62.88,67.94
2025-04-15,61.74,66.58
2025-04-14,61.99,67.18
2025-04-11,61.91,66.83
2025-04-10,60.57,65.37
2025-04-09,62.63,67.3
2025-04-08,60.04,64.86
2025-04-07,61.05,66.13
2025-04-04,62.42,68.36
2025-04-03,67.43,72.54
2025-04-02,72.12,77.27
2025-04-01,71.61,77.78
2025-03-31,71.87,77.23
2025-03-28,69.74,74.69
2025-03-27,70.3,74.72
2025-03-26,70.05,74.6
2025-03-25,69.48,73.78
2025-03-24,69.46,73.96
2025-03-21,68.52,72.64
2025-03-20,68.55,72.61
2025-03-19,67.4,71.94
2025-03-18,67.49,71.93
2025-03-17,67.84,71.93
2025-03-14,67.43,71.94
2025-03-13,66.82,70.82
2025-03-12,67.65,72.36
2025-03-11,66.52,71.51
2025-03-10,66.31,71.08
2025-03-07,67.29,72.49
2025-03-06,66.62,71.08
2025-03-05,66.58,70.92
2025-03-04,68.47,72.31
2025-03-03,68.63,72.85
2025-02-28,69.97,74.76
2025-02-27,70.62,75.01
2025-02-26,68.87,73.49
2025-02-25,69.15,73.11
2025-02-24,71.06,74.89
2025-02-21,70.72,74.88
2025-02-20,72.88,76.95
2025-02-19,72.58,76.34
2025-02-18,72.21,76.46
2025-02-17,,75.81
2025-02-14,71.05,75.19
2025-02-13,71.66,75.61
2025-02-12,71.72,75.38
2025-02-11,73.67,77.65
2025-02-10,72.73,76.23
2025-02-07,71.32,74.68
2025-02-06,70.97,74.54
2025-02-05,71.39,74.71
2025-02-04,73.04,76.58
2025-02-03,73.52,76.49
2025-01-31,72.84,77.11
2025-01-30,73.1,77.42
2025-01-29,72.94,77.02
2025-01-28,74.15,78.01
2025-01-27,73.51,77.3
2025-01-24,74.97,78.71
2025-01-23,75.03,78.62
2025-01-22,76.12,80
2025-01-21,76.79,80.57
2025-01-20,,81.68
2025-01-17,78.56,83.02
2025-01-16,79.35,82.39
2025-01-15,80.73,83.48
2025-01-14,78.2,82.39
2025-01-13,79.57,82.69
2025-01-10,77.27,79.76
2025-01-09,,78.44
2025-01-08,73.99,77.37
2025-01-07,74.99,77.84
2025-01-06,74.31,77.27
2025-01-03,74.64,76.72
2025-01-02,73.79,76.14
2024-12-31,72.44,74.58
2024-12-30,71.73,74.24
2024-12-27,71.28,73.77
2024-12-26,70.38,
2024-12-25,,73.5
2024-12-24,70.87,73.5
2024-12-23,69.5,72.12
2024-12-20,69.71,73.19
2024-12-19,70.1,73.75
2024-12-18,70.8,74.57
2024-12-17,70.31,73.16
2024-12-16,71.03,74.3
2024-12-13,71.54,74.89
2024-12-12,70.25,73.52
2024-12-11,70.57,74.38
2024-12-10,68.85,73.64
2024-12-09,68.65,73.73
2024-12-06,68.58,73.78
2024-12-05,68.58,73.78
2024-12-04,68.81,74.68
2024-12-03,70.15,74.8
2024-12-02,68.35,72.81
2024-11-29,68.26,74.16
2024-11-28,,73.92
2024-11-27,69.03,73.91
2024-11-26,69.05,74.56
2024-11-25,69.41,74.27
2024-11-22,71.68,76.1
2024-11-21,70.39,75.09
2024-11-20,69.25,74.33
2024-11-19,69.75,74.32
2024-11-18,69.46,74.35
2024-11-15,67.33,73.45
2024-11-14,68.99,73.39
2024-11-13,68.76,72.86
2024-11-12,68.43,72.56
2024-11-11,70.69,72.19
2024-11-08,70.69,74.04
2024-11-07,72.69,75.73
2024-11-06,71.98,76.52
2024-11-05,72.26,76.98
2024-11-04,71.83,74.89
2024-11-01,69.81,73.63
2024-10-31,69.58,73.25
2024-10-30,68.91,73.21
2024-10-29,67.48,71.09
2024-10-28,67.65,71.87
2024-10-25,72.02,75.62
2024-10-24,70.58,74.27
2024-10-23,71.37,74.68
2024-10-22,72.84,75.59
2024-10-21,71.16,73.29
2024-10-18,69.78,72.75
2024-10-17,71.26,74.37
2024-10-16,70.97,73.65
2024-10-15,71.22,73.68
2024-10-14,76.11,78.47
2024-10-11,76.11,80.27
2024-10-10,76.46,79.45
2024-10-09,73.85,77.06
2024-10-08,74.26,78.19
2024-10-07,77.76,81.74
2024-10-04,74.93,79.32
2024-10-03,74.33,77.57
2024-10-02,70.74,74.86
2024-10-01,70.41,75.3
2024-09-30,68.75,72.35
2024-09-27,68.72,71.63
2024-09-26,68.28,73.06
2024-09-25,70.42,75.4
2024-09-24,72.34,75.29
2024-09-23,71.33,74.95
2024-09-20,72.72,75.96
2024-09-19,72.86,75.93
2024-09-18,71.87,74.52
2024-09-17,72.16,74.55
2024-09-16,71.1,73.96
2024-09-13,69.59,73.68
2024-09-12,69.89,73.81
2024-09-11,68.25,70.31
2024-09-10,66.73,70.34
2024-09-09,69.65,72.37
2024-09-06,68.58,72.82
2024-09-05,70.09,74.47
2024-09-04,70.11,74.67
2024-09-03,71.28,76.46
2024-09-02,,77.82
2024-08-30,74.52,80.2
2024-08-29,76.9,81.55
2024-08-28,75.49,80.04
2024-08-27,76.5,81.51
2024-08-26,78.4,
2024-08-23,75.82,80.34
2024-08-22,73.72,78.8
2024-08-21,72.76,78.77
2024-08-20,75.27,78.85
2024-08-19,75.82,81.09
2024-08-16,78.05,81.56
2024-08-15,79.66,83.09
2024-08-14,78.47,82.15
2024-08-13,79.81,82.51
2024-08-12,81.45,83.06
2024-08-09,78.28,81.07
2024-08-08,77.64,80.76
2024-08-07,76.68,78.26
2024-08-06,74.6,76.62
2024-08-05,74.46,77.51
2024-08-02,74.99,78.35
2024-08-01,77.74,81.37
2024-07-31,79.36,81.39
2024-07-30,76.17,79.26
2024-07-29,77.27,80.94
2024-07-26,78.58,81.35
2024-07-25,79.43,82.58
2024-07-24,78.78,83.01
2024-07-23,78.24,82.2
2024-07-22,81.25,83.44
2024-07-19,81.43,85.19
2024-07-18,84.17,86.26
2024-07-17,84.16,85.76
2024-07-16,81.92,86.6
2024-07-15,83.22,86.42
2024-07-12,83.49,87.35
2024-07-11,83.92,86.49
2024-07-10,83.39,86.55
2024-07-09,82.78,86.48
2024-07-08,83.63,87.15
2024-07-05,84.44,88.66
2024-07-04,,88.34
2024-07-03,85.19,88.25
2024-07-02,84.09,88.28
2024-07-01,84.7,86.57
2024-06-28,82.83,87.26
2024-06-27,83.04,87
2024-06-26,82.19,85.76
2024-06-25,81.97,86.81
2024-06-24,82.63,86.75
2024-06-21,81.71,86.42
2024-06-20,83.34,85.92
2024-06-19,,85.64
2024-06-18,82.67,84.79
2024-06-17,81.33,82.45
2024-06-14,79.41,81.49
2024-06-13,79.61,81.44
2024-06-12,79.56,80.52
2024-06-11,78.88,80.15
2024-06-10,78.75,79.59
2024-06-07,76.53,78.12
2024-06-06,76.52,77.62
2024-06-05,75.08,75.41
2024-06-04,74.27,75.33
2024-06-03,75.26,76.45
2024-05-31,77.97,79.41
2024-05-30,78.96,81.42
2024-05-29,80.24,81.5
2024-05-28,80.9,81.34
2024-05-24,78.48,78.92
2024-05-23,77.47,79.25
2024-05-22,79.15,79.9
2024-05-21,80.66,81.22
2024-05-20,81.39,81.91
2024-05-17,81.66,82.24
2024-05-16,80.85,81.65
2024-05-15,80.23,79.98
2024-05-14,79.62,81
2024-05-13,80.71,83.18
2024-05-10,79.81,83.39
2024-05-09,80.86,83.27
2024-05-08,80.57,82.44
2024-05-07,79.97,82.69
2024-05-06,80.1,
2024-05-03,79.65,83.6
2024-05-02,80.59,84.81
2024-05-01,80.7,83.55
2024-04-30,83.49,88.23
2024-04-29,84.26,88.44
2024-04-26,85.38,89.95
2024-04-25,84.92,88.1
2024-04-24,84.09,89.02
2024-04-23,84.17,88.29
2024-04-22,83.82,87.3
2024-04-19,83.79,87.96
2024-04-18,83.5,88.34
2024-04-17,83.58,89.54
2024-04-15,86.21,90.84
2024-04-12,86.46,93.12
2024-04-11,85.79,91.49
2024-04-10,86.98,91.57
2024-04-09,86.04,92.13
2024-04-08,87.24,91.73
2024-04-05,87.69,92.81
2024-04-04,87.37,90.32
2024-04-03,86.22,90.6
2024-04-02,85.95,87.63
2024-04-01,84.54,
2024-03-28,83.96,86.17
2024-03-27,82.15,84.94
2024-03-26,82.41,85.91
2024-03-25,82.41,86.18
2024-03-22,81.1,84.87
2024-03-21,81.99,84.92
2024-03-20,82.79,85.77
2024-03-19,84.39,87.36
2024-03-18,83.68,86.47
2024-03-15,81.94,85.39
2024-03-14,82.16,86.16
2024-03-13,80.67,83.95
2024-03-12,78.51,83.66
2024-03-11,78.87,83.44
2024-03-08,78.96,84.29
2024-03-07,79.81,84.88
2024-03-06,80.08,86.59
2024-03-05,79.11,85.82
2024-03-04,79.67,86.58
2024-03-01,80.9,84.82
2024-02-29,79.22,84.57
2024-02-28,79.44,84.08
2024-02-27,79.8,83.8
2024-02-26,78.53,84.01
2024-02-23,77.6,84.18
2024-02-22,79.64,85.84
2024-02-21,78.89,84.77
2024-02-20,78.72,84.78
2024-02-19,,85.52
2024-02-16,79.65,84.88
2024-02-15,78.47,84.33
2024-02-14,77.09,84.41
2024-02-13,78.28,84.72
2024-02-12,77.34,83.88
2024-02-09,77.26,83.58
2024-02-08,76.67,83.01
2024-02-07,74.26,81.18
2024-02-05,73.21,79.3
2024-02-02,72.72,79.54
2024-02-01,74.36,82.2
2024-01-31,76.28,82.98
2024-01-30,78.3,84.14
2024-01-29,77.25,83.99
2024-01-26,78.45,83.34
2024-01-25,77.91,82.33
2024-01-24,75.48,82.15
2024-01-23,74.72,82.04
2024-01-22,75.26,81.7
2024-01-19,73.69,80.71
2024-01-18,74.32,81.04
2024-01-17,72.79,78.88
2024-01-16,72.63,80.15
2024-01-15,,79.76
2024-01-12,72.94,79.89
2024-01-11,72.15,80.21
2024-01-10,71.57,78.46
2024-01-09,72.43,77.97
2024-01-08,71.06,75.47
2024-01-05,74,78.31
2024-01-04,72.38,75.79
2024-01-03,72.97,77.18
2024-01-02,70.62,76.24
2023-12-29,71.89,77.69
2023-12-28,72.02,79.04
2023-12-27,74.31,80.97
2023-12-26,75.84,
2023-12-22,73.29,80.23
2023-12-21,73.59,80.73
2023-12-20,73.87,81.1
2023-12-19,73.23,79.82
2023-12-18,72.16,78.89
2023-12-15,71.05,76.84
2023-12-14,71.21,77.05
2023-12-13,69.09,74.14
2023-12-12,68.27,74.11
2023-12-11,70.95,75.75
2023-12-08,70.87,75.94
2023-12-07,69,74.21
2023-12-06,68.98,74.33
2023-12-05,71.95,77.27
2023-12-04,72.73,78.16
2023-12-01,73.7,78.72
2023-11-30,75.66,81.72
2023-11-29,77.56,82.98
2023-11-28,76.09,81.66
2023-11-27,74.46,79.49
2023-11-24,74.83,79.82
2023-11-23,,80.85
2023-11-22,76.8,81.76
2023-11-21,78.35,82.42
2023-11-20,78.1,83.25
2023-11-17,76.47,81.22
2023-11-16,73.5,77.73
2023-11-15,77.15,82.4
2023-11-14,78.9,84.2
2023-11-13,78.86,84.09
2023-11-10,,83.66
2023-11-09,76.34,81.74
2023-11-08,75.85,81.46
2023-11-07,77.96,83.43
2023-11-06,81.54,87.31
2023-11-03,81.19,87.55
2023-11-02,83.04,89.02
2023-11-01,81.05,86.92
2023-10-31,81.64,86.82
2023-10-30,83.03,90.73
2023-10-27,86.04,90.73
2023-10-26,83.8,88.45
2023-10-25,86.07,90.14
2023-10-24,84.58,88
2023-10-23,85.49,91.88
2023-10-20,89.12,93.72
2023-10-19,89.35,93.12
2023-10-18,88.35,91.99
2023-10-17,86.66,92.52
2023-10-16,86.65,90.99
2023-10-13,87.67,94.33
2023-10-12,82.87,88.4
2023-10-11,83.7,87.58
2023-10-10,85.89,90.7
2023-10-09,,91.37
2023-10-06,82.83,87.86
2023-10-05,82.3,88.28
2023-10-04,84.32,89.83
2023-10-03,89.26,94.46
2023-10-02,88.81,91.21
2023-09-29,90.77,95.86
2023-09-28,91.65,96.64
2023-09-27,93.67,97.1
2023-09-26,91.43,94.46
2023-09-25,89.68,94.01
2023-09-22,90,93.99
2023-09-21,89.56,93.7
2023-09-20,89.2,94.56
2023-09-19,91.16,96.11
2023-09-18,91.47,95.95
2023-09-15,90.83,95.55
2023-09-14,90.13,95.2
2023-09-13,88.59,93.04
2023-09-12,88.87,93.58
2023-09-11,87.3,91.97
2023-09-08,87.51,91.85
2023-09-07,86.87,91.16
2023-09-06,87.55,91.79
2023-09-05,86.74,91.25
2023-09-04,,90.42
2023-09-01,85.52,89.98
2023-08-31,83.55,87.29
2023-08-30,81.64,86.62
2023-08-29,81.14,86.37
2023-08-28,80.65,
2023-08-25,80.47,85.42
2023-08-24,79.52,84.07
2023-08-23,78.91,83.94
2023-08-22,80.25,84.7
2023-08-21,80.71,85.44
2023-08-18,81.25,85.92
2023-08-17,80.43,85.24
2023-08-16,79.4,84.49
2023-08-15,81.06,86.28
2023-08-14,82.5,87.4
2023-08-11,83.17,87.93
2023-08-10,82.81,87.44
2023-08-09,84.35,89.31
2023-08-08,82.94,88
2023-08-07,81.94,86.47
2023-08-04,82.76,87.38
2023-08-03,81.56,86.19
2023-08-02,79.5,84.01
2023-08-01,81.37,85.34
2023-07-31,81.8,85.22
2023-07-28,80.55,84.49
2023-07-27,80.17,84.28
2023-07-26,79.11,82.98
2023-07-25,79.76,83.46
2023-07-24,78.81,82.53
2023-07-21,77.06,81.06
2023-07-20,75.65,79.62
2023-07-19,75.4,79.38
2023-07-18,75.76,79.54
2023-07-17,74.17,77.8
2023-07-14,75.44,79.9
2023-07-13,76.86,81.31
2023-07-12,75.77,80.35
2023-07-11,74.87,79.54
2023-07-10,73.05,77.83
2023-07-07,73.91,78.77
2023-07-06,71.76,76.72
2023-07-05,71.78,76.74
2023-07-04,,76.23
2023-07-03,69.71,74.52
2023-06-30,70.66,74.51
2023-06-29,69.85,73.86
2023-06-28,69.54,73.64
2023-06-27,67.68,71.88
2023-06-26,69.09,73.86
2023-06-23,68.91,73.56
2023-06-22,69.22,73.93
2023-06-21,72.55,76.92
2023-06-20,70.94,75.79
2023-06-19,,76.09
2023-06-16,71.81,76.76
2023-06-15,70.61,75.75
2023-06-14,68.22,73.39
2023-06-13,69.39,74.24
2023-06-12,67.08,71.8
2023-06-09,70.16,74.74
2023-06-08,71.28,75.88
2023-06-07,72.52,76.85
2023-06-06,71.71,76.22
2023-06-05,72.14,76.61
2023-06-02,71.76,76
2023-06-01,70.09,74.18
2023-05-31,68.11,71.98
2023-05-30,69.45,73.38
2023-05-26,72.35,76.33
2023-05-25,71.68,75.66
2023-05-24,74.37,77.99
2023-05-23,72.87,76.66
2023-05-22,71.81,75.77
2023-05-19,71.57,75.42
2023-05-18,71.82,75.75
2023-05-17,72.78,76.98
2023-05-16,70.85,75.15
2023-05-15,71.07,75.46
2023-05-12,70.02,74.54
2023-05-11,70.81,75.32
2023-05-10,72.53,76.7
2023-05-09,73.68,77.76
2023-05-08,73.13,
2023-05-05,71.32,75.85
2023-05-04,68.52,73
2023-05-03,68.62,72.91
2023-05-02,71.71,76.71
2023-05-01,75.65,
2023-04-28,76.78,81.32
2023-04-27,74.77,80.11
2023-04-26,74.33,79.19
2023-04-25,77.05,82.13
2023-04-24,78.64,84.23
2023-04-21,77.86,83.36
2023-04-20,77.27,83.29
2023-04-19,79.18,85.34
2023-04-18,80.85,85.48
2023-04-17,80.93,85.63
2023-04-14,82.58,87.31
2023-04-13,82.16,86.51
2023-04-12,83.26,88.31
2023-04-11,81.54,87.32
2023-04-10,79.79,
2023-04-06,80.7,86.56
2023-04-05,80.69,85.89
2023-04-04,80.7,85.7
2023-04-03,80.4,85.81
2023-03-31,75.68,79.19
2023-03-30,74.32,78.45
2023-03-29,72.95,77.51
2023-03-28,73.12,78.07
2023-03-27,72.87,76.8
2023-03-24,69.22,73.63
2023-03-23,69.77,74.31
2023-03-22,70.71,76.08
2023-03-21,69.4,74.78
2023-03-20,67.56,72.42
2023-03-17,66.61,71.03
2023-03-16,68.15,73.12
2023-03-15,67.38,74.3
2023-03-14,71.18,76.77
2023-03-13,74.68,79.67
2023-03-10,76.55,82.3
2023-03-09,75.6,81
2023-03-08,76.56,82.1
2023-03-06,80.39,85.86
2023-03-03,79.62,85.74
2023-03-02,78.05,84.15
2023-03-01,77.57,83.68
2023-02-28,76.88,83.21
2023-02-27,75.57,81.24
2023-02-24,76.19,82.31
2023-02-23,75.26,82.08
2023-02-22,73.95,79.55
2023-02-21,76.28,82.14
2023-02-20,,82.79
2023-02-17,76.31,81.97
2023-02-16,78.45,83.84
2023-02-15,78.57,84.11
2023-02-14,79.08,84.96
2023-02-13,80.14,85.98
2023-02-10,79.74,85.46
2023-02-09,78.04,83.46
2023-02-08,78.47,84.17
2023-02-07,77.17,82.92
2023-02-06,74.11,80.48
2023-02-03,73.4,78.85
2023-02-02,75.87,80.57
2023-02-01,76.34,81.61
2023-01-31,78.95,83.42
2023-01-30,77.97,84.9
2023-01-27,79.73,85.36
2023-01-26,80.64,86.29
2023-01-25,79.78,85.08
2023-01-24,79.86,85.25
2023-01-23,81.62,87.54
2023-01-20,81.27,86.96
2023-01-19,80.31,85.08
2023-01-18,79.53,83.78
2023-01-17,80.25,84.38
2023-01-16,,82.65
2023-01-13,79.9,83.43
2023-01-12,78.32,82.59
2023-01-11,77.46,81.11
2023-01-10,75.11,78.4
2023-01-09,74.69,77.5
2023-01-06,73.77,76.41
2023-01-05,73.61,76.73
2023-01-04,72.82,75.31
2023-01-03,76.87,80.36
2022-12-30,80.16,82.82
2022-12-29,78.43,80.96
2022-12-28,78.89,81.7
2022-12-27,79.45,
2022-12-23,79.57,82.45
2022-12-22,77.68,79.58
2022-12-21,78.17,80.25
2022-12-20,75.92,79.45
2022-12-19,75.05,81.66
2022-12-16,74.19,80.2
2022-12-15,75.89,82.34
2022-12-14,77.14,83.33
2022-12-12,72.96,78
2022-12-09,71.05,76.37
2022-12-08,71.3,76.02
2022-12-07,71.93,77.11
2022-12-06,74.21,79.92
2022-12-05,76.83,83.36
2022-12-02,79.86,86.54
2022-12-01,81.06,86.28
2022-11-30,80.48,85.61
2022-11-29,77.96,83.22
2022-11-28,77.1,83.5
2022-11-25,76.45,83.4
2022-11-24,,85.59
2022-11-23,77.93,85.9
2022-11-22,80.83,88.65
2022-11-21,79.74,88.44
2022-11-18,80.07,88.93
2022-11-17,81.69,91
2022-11-16,85.62,92.61
2022-11-15,86.87,94.3
2022-11-14,85.85,93.59
2022-11-11,89.14,96.37
2022-11-10,86.52,94.25
2022-11-09,85.79,93.05
2022-11-08,88.8,96.85
2022-11-07,91.8,99.87
2022-11-04,92.58,99.53
2022-11-03,88.14,95.29
2022-11-02,90.06,96.07
2022-11-01,88.36,95.12
2022-10-31,86.54,93.3
2022-10-28,87.85,94.64
2022-10-27,89.06,94.17
2022-10-26,89.39,92.93
2022-10-24,86.12,91.57
2022-10-21,85.47,91.82
2022-10-20,86.02,91.52
2022-10-19,86,91.34
2022-10-18,83.29,89.46
2022-10-17,86,91.04
2022-10-14,86.1,92.22
2022-10-13,89.59,95.16
2022-10-12,87.83,93.44
2022-10-11,89.75,95.17
2022-10-10,91.6,97.13
2022-10-07,93.07,98.88
2022-10-06,88.9,95.65
2022-10-05,88.22,94.35
2022-10-04,86.87,93.74
2022-10-03,84.05,90.68
2022-09-30,79.91,88.9
2022-09-29,81.78,89.41
2022-09-28,82.61,89.55
2022-09-27,78.91,85.97
2022-09-26,77.17,82.55
2022-09-23,79.07,84.29
2022-09-22,84.02,90.4
2022-09-21,83.38,89.86
2022-09-20,84.69,89.62
2022-09-19,86.15,
2022-09-16,85.57,89.43
2022-09-15,85.72,89.28
2022-09-14,88.88,92.83
2022-09-13,87.84,92.04
2022-09-12,88.18,93.45
2022-09-09,87.27,91.68
2022-09-08,84.04,87.99
2022-09-07,82.5,86.83
2022-09-06,87.35,91.43
2022-09-05,,94.22
2022-09-02,87.29,93.09
2022-09-01,87.09,92.24
2022-08-31,90.09,96.55
2022-08-30,92.08,99.34
2022-08-29,97.4,
2022-08-26,93.63,101.13
2022-08-25,93.33,98.81
2022-08-24,95.52,99.87
2022-08-23,96.46,99.49
2022-08-22,93.42,95.06
2022-08-19,93.55,96.45
2022-08-18,93.2,96.35
2022-08-17,90.85,97.22
2022-08-16,89.23,95.36
2022-08-15,92.24,98.25
2022-08-12,94.86,103.7
2022-08-11,97.02,107.19
2022-08-10,94.68,105.06
2022-08-09,93.18,103.81
2022-08-08,93.52,103.46
2022-08-05,91.77,100.31
2022-08-04,91.29,97.99
2022-08-03,93.25,101.82
2022-08-02,97.14,106.51
2022-08-01,96.59,106.09
2022-07-29,101.31,111.51
2022-07-28,99.11,109.68
2022-07-27,100.03,109.64
2022-07-26,97.74,107.32
2022-07-25,99.83,108.23
2022-07-22,97.71,106.77
2022-07-21,98.44,112.81
2022-07-20,104.45,115.86
2022-07-19,106.12,114.96
2022-07-18,104.48,117.27
2022-07-15,99.59,112.26
2022-07-14,97.79,107.74
2022-07-13,98.44,107.17
2022-07-12,97.69,106.98
2022-07-11,106.09,114.85
2022-07-08,106.78,113.95
2022-07-07,104.62,113.4
2022-07-06,100.31,108.54
2022-07-05,101.55,110.49
2022-07-04,,121.8
2022-07-01,110.3,119.21
2022-06-30,107.76,119.78
2022-06-29,111.65,120.8
2022-06-28,113.66,122.21
2022-06-27,111.44,119.69
2022-06-24,109.07,117.36
2022-06-23,105.75,114.5
2022-06-22,106.22,115.54
2022-06-21,110.49,118.51
2022-06-20,,118.25
2022-06-17,109.56,119.22
2022-06-16,117.56,125.78
2022-06-15,115.32,124.96
2022-06-14,118.92,127.02
2022-06-13,120.92,128.44
2022-06-10,120.73,127.44
2022-06-09,121.52,128.47
2022-06-08,121.94,129.2
2022-06-07,119.55,126.89
2022-06-06,118.41,124.99
2022-06-03,118.97,125.68
2022-06-02,116.88,
2022-06-01,115.26,122.2
2022-05-31,114.38,125.53
2022-05-30,,123.01
2022-05-27,114.96,121.19
2022-05-26,116.19,119.81
2022-05-25,112.88,116.41
2022-05-24,112.55,115.77
2022-05-23,110.32,115.13
2022-05-20,112.63,113.63
2022-05-19,112.21,113.22
2022-05-18,109.67,110.04
2022-05-17,112.31,112.89
2022-05-16,114.07,114.86
2022-05-13,110.52,112.12
2022-05-12,106.15,108.06
2022-05-11,105.5,107.7
2022-05-10,99.74,102.61
2022-05-09,103.08,106.67
2022-05-06,109.72,113.86
2022-05-05,108.17,112.11
2022-05-04,107.84,110.53
2022-05-03,102.53,104.94
2022-05-02,105.18,
2022-04-29,104.59,108.36
2022-04-28,105.47,105.78
2022-04-27,101.96,103.3
2022-04-26,102.62,102.89
2022-04-25,99.6,99.27
2022-04-22,102.86,105.15
2022-04-21,103.89,107.2
2022-04-20,102.56,105.05
2022-04-19,102.54,105.49
2022-04-18,108.24,
2022-04-14,106.84,110.83
2022-04-13,104.26,108.49
2022-04-12,100.52,104.42
2022-04-11,94.22,97.92
2022-04-08,98.35,101.26
2022-04-07,96.05,99.83
2022-04-06,96.39,100.81
2022-04-05,101.98,106.6
2022-04-04,103.29,108.15
2022-04-01,99.32,106.13
2022-03-31,100.53,107.29
2022-03-30,107.81,115.59
2022-03-29,104.25,112.79
2022-03-28,107.55,114.5
2022-03-25,116.2,122.67
2022-03-24,114.2,123.98
2022-03-23,114.89,127.52
2022-03-22,111.03,121.53
2022-03-21,112.14,122.29
2022-03-18,104.69,114.32
2022-03-17,102.97,113.5
2022-03-16,94.85,104.61
2022-03-15,96.42,105.14
2022-03-14,103.22,110.39
2022-03-11,109.31,118.11
2022-03-10,105.93,114.54
2022-03-09,108.81,116.58
2022-03-08,123.64,133.18
2022-03-07,119.26,129.02
2022-03-04,115.77,123.86
2022-03-03,107.69,115.36
2022-03-02,110.74,118.94
2022-03-01,103.66,110.93
2022-02-28,96.13,103.08
2022-02-25,91.68,98.56
2022-02-24,92.77,101.29
2022-02-23,92.14,99.29
2022-02-22,92.11,98.73
2022-02-21,,98.95
2022-02-18,91.26,96.18
2022-02-17,91.78,95.28
2022-02-16,93.83,97.44
2022-02-15,92.07,98.43
2022-02-14,95.52,101.66
2022-02-11,93.1,97.5
2022-02-10,89.83,96.37
2022-02-09,89.57,94.95
2022-02-08,89.32,96.07
2022-02-07,91.25,97.28
2022-02-04,92.27,96.86
2022-02-03,90.17,92.99
2022-02-02,88.16,91.43
2022-02-01,88.22,90.24
2022-01-31,89.16,92.35
2022-01-28,87.67,91.47
2022-01-27,87.61,90.7
2022-01-26,88.33,91.22
2022-01-25,86.61,89.49
2022-01-24,84.48,87.74
2022-01-21,85.16,89.75
2022-01-20,86.29,89.75
2022-01-19,86.84,89.64
2022-01-18,85.42,88.83
2022-01-17,,87.82
2022-01-14,83.82,87.17
2022-01-13,81.97,85.8
2022-01-12,82.51,85.83
2022-01-11,81.17,84.98
2022-01-10,78.11,81.56
2022-01-07,79,82.28
2022-01-06,79.47,81.99
2022-01-05,77.83,80.6
2022-01-04,77,79.39
2022-01-03,75.99,78.25
2021-12-31,75.33,77.24
2021-12-30,76.83,78.61
2021-12-29,76.58,78.63
2021-12-28,76.01,
2021-12-27,75.49,
2021-12-24,,75.24
2021-12-23,73.89,76.26
2021-12-22,72.82,74.69
2021-12-21,71.1,72.85
2021-12-20,68.69,70.51
2021-12-17,70.93,72.97
2021-12-16,72.34,74.64
2021-12-15,70.89,73.71
2021-12-14,70.57,73.37
2021-12-13,71.19,74.12
2021-12-10,71.71,74.98
2021-12-09,70.87,74.1
2021-12-08,72.43,75.94
2021-12-07,71.94,75.54
2021-12-06,69.62,73.38
2021-12-03,66.39,70.71
2021-12-02,66.6,70.56
2021-12-01,65.44,69.53
2021-11-30,66.14,70.86
2021-11-29,69.88,73.34
2021-11-26,,72.37
2021-11-25,,82.05
2021-11-24,78.32,82.37
2021-11-23,78.32,83.43
2021-11-22,76.74,80.97
2021-11-19,76.11,80.24
2021-11-18,78.92,82.45
2021-11-17,78.32,80.67
2021-11-16,80.76,82.85
2021-11-15,80.85,81.94
2021-11-12,80.87,82.9
2021-11-11,81.47,83.4
2021-11-10,81.23,82.91
2021-11-09,84.12,84.52
2021-11-08,81.96,83.22
2021-11-05,81.25,82.43
2021-11-04,78.88,80.15
2021-11-03,80.82,81.1
2021-11-02,83.91,84.42
2021-11-01,84.08,84.51
2021-10-29,83.5,83.1
2021-10-28,82.78,83.4
2021-10-27,82.66,84.12
2021-10-26,85.64,85.11
2021-10-25,84.64,84.85
2021-10-22,84.53,85.43
2021-10-21,82.64,84.58
2021-10-20,84.4,85.76
2021-10-19,83.19,85.02
2021-10-18,82.62,84.13
2021-10-15,82.39,84.67
2021-10-14,81.43,83.86
2021-10-13,80.67,83.53
2021-10-12,80.75,83.53
2021-10-11,80.64,83.75
2021-10-08,79.55,82.17
2021-10-07,78.46,82.34
2021-10-06,77.66,81.39
2021-10-05,79.17,82.72
2021-10-04,77.68,81.44
2021-10-01,76.01,79.4
2021-09-30,75.22,77.81
2021-09-29,75.06,77.86
2021-09-28,75.44,78.3
2021-09-27,75.54,78.85
2021-09-24,74.18,77.42
2021-09-23,73.43,76.44
2021-09-22,72.37,75.5
2021-09-21,70.51,73.65
2021-09-20,70.41,73.59
2021-09-17,72.09,74.64
2021-09-16,72.69,75.14
2021-09-15,72.59,74.84
2021-09-14,70.53,73.05
2021-09-13,70.54,72.97
2021-09-10,69.82,72.44
2021-09-09,68.26,71.32
2021-09-08,69.36,72.36
2021-09-07,68.49,71.52
2021-09-06,,72.43
2021-09-03,69.34,73.07
2021-09-02,70.07,73.56
2021-09-01,68.63,71.99
2021-08-31,68.43,73.45
2021-08-30,69.28,
2021-08-27,68.84,72.26
2021-08-26,67.42,70.42
2021-08-25,68.54,72.12
2021-08-24,67.5,71.21
2021-08-23,65.65,69.07
2021-08-20,62.25,65.51
2021-08-19,63.69,66.8
2021-08-18,65.36,68.61
2021-08-17,66.5,69.4
2021-08-16,67.44,70.07
2021-08-13,68.36,70.9
2021-08-12,69.12,71.79
2021-08-11,69.3,71.99
2021-08-10,68.33,71.14
2021-08-09,66.56,69.65
2021-08-06,68.26,71.02
2021-08-05,69.1,72.14
2021-08-04,68.19,70.99
2021-08-03,70.64,73.24
2021-08-02,71.31,73.91
2021-07-30,73.93,77.72
2021-07-29,73.62,76.3
2021-07-28,72.37,75.09
2021-07-27,71.68,74.87
2021-07-26,72.15,74.79
2021-07-23,72.24,74.86
2021-07-22,72.15,74.25
2021-07-21,70.26,72.54
2021-07-20,67.32,70.03
2021-07-19,66.45,69.33
2021-07-16,71.76,74.46
2021-07-15,71.67,74.53
2021-07-14,73.06,75.74
2021-07-13,75.24,77.5
2021-07-12,74.21,76.77
2021-07-09,74.56,77.14
2021-07-08,72.98,75.07
2021-07-07,72.22,74.31
2021-07-06,73.62,75.81
2021-07-05,,78.34
2021-07-02,75.37,77.51
2021-07-01,75.33,76.69
2021-06-30,73.52,76.94
2021-06-29,73.14,75.38
2021-06-28,72.98,74.78
2021-06-25,74.21,76.45
2021-06-24,73.31,75.95
2021-06-23,73.11,75.22
2021-06-22,73.15,74.92
2021-06-21,73.64,74.49
2021-06-18,71.64,73.1
2021-06-17,71.06,72.92
2021-06-16,72.03,73.88
2021-06-15,72.06,73.38
2021-06-14,70.94,72.27
2021-06-11,71,72.05
2021-06-10,70.34,71.65
2021-06-09,69.9,71.31
2021-06-08,70.11,71.39
2021-06-07,69.21,70.89
2021-06-04,69.57,71.3
2021-06-03,68.81,70.71
2021-06-02,68.79,70.6
2021-06-01,67.8,70.03
2021-05-28,66.31,69.36
2021-05-27,66.87,69.43
2021-05-26,66.41,68.93
2021-05-25,66.27,68.8
2021-05-24,66.13,68.59
2021-05-21,63.61,66.72
2021-05-20,61.95,65.18
2021-05-19,63.28,66.88
2021-05-18,65.49,69.01
2021-05-17,66.24,69.62
2021-05-14,65.32,69.24
2021-05-13,63.82,67.36
2021-05-12,65.96,69.62
2021-05-11,65.31,68.83
2021-05-10,64.92,68.61
2021-05-07,64.96,68.73
2021-05-06,64.73,68.62
2021-05-05,65.63,69.71
2021-05-04,65.72,68.91
2021-05-03,64.46,
2021-04-30,63.5,67.73
2021-04-29,65,68.26
2021-04-28,63.81,67.08
2021-04-27,63.03,66.25
2021-04-26,62.02,65.5
2021-04-23,62.18,65.75
2021-04-22,61.45,65.07
2021-04-21,61.34,64.02
2021-04-20,62.61,65.34
2021-04-19,63.33,66.54
2021-04-16,63.16,65.98
2021-04-15,63.42,66.13
2021-04-14,63.15,66.11
2021-04-13,60.2,62.83
2021-04-12,59.7,62.38
2021-04-09,59.29,61.89
2021-04-08,59.61,62.09
2021-04-07,59.77,61.86
2021-04-06,59.34,61.47
2021-04-05,58.73,
2021-04-01,61.41,63.85
2021-03-31,59.19,63.52
2021-03-30,60.55,63.28
2021-03-29,61.49,64.06
2021-03-26,60.93,63.77
2021-03-25,58.47,61.21
2021-03-24,61.12,63.7
2021-03-23,57.75,59.96
2021-03-22,61.48,63.89
2021-03-19,61.43,64
2021-03-18,59.95,62.11
2021-03-17,64.55,67.73
2021-03-16,64.82,67.95
2021-03-15,65.36,68.78
2021-03-12,65.59,68.87
2021-03-11,66.02,69.34
2021-03-10,64.45,67.53
2021-03-09,64.02,67.03
2021-03-08,65.03,68
2021-03-05,66.08,69.95
2021-03-04,63.81,67.32
2021-03-03,61.33,64.7
2021-03-02,59.7,63.17
2021-03-01,60.54,64.56
2021-02-26,61.55,65.86
2021-02-25,63.43,66.69
2021-02-24,63.21,66.85
2021-02-23,61.66,65.16
2021-02-22,61.67,64.73
2021-02-19,59.12,62.84
2021-02-18,60.4,64.09
2021-02-17,61.09,65.02
2021-02-16,60.07,63.96
2021-02-15,,63.58
2021-02-12,59.5,62.47
2021-02-11,58.22,61.09
2021-02-10,58.69,61.17
2021-02-09,58.34,60.74
2021-02-08,57.95,60.17
2021-02-05,56.8,59.48
2021-02-04,56.19,58.98
2021-02-03,55.67,58.61
2021-02-02,54.77,57.62
2021-02-01,53.55,56.42
2021-01-29,52.16,55.25
2021-01-28,52.26,54.87
2021-01-27,52.81,55.07
2021-01-26,52.61,55.26
2021-01-25,52.78,55.44
2021-01-22,52.28,55.22
2021-01-21,53,55.68
2021-01-20,53.16,55.66
2021-01-19,52.87,55.38
2021-01-18,,54.21
2021-01-15,52.25,54.8
2021-01-14,53.47,55.76
2021-01-13,52.81,55.52
2021-01-12,53.08,55.98
2021-01-11,52.15,54.84
2021-01-08,52.14,55.51
2021-01-07,50.63,53.7
2021-01-06,50.45,53.8
2021-01-05,49.78,53.16
2021-01-04,47.47,50.37
2020-12-31,48.35,51.22
2020-12-30,48.24,50.74
2020-12-29,47.85,50.44
2020-12-28,47.5,50.88
2020-12-24,48.18,50.88
2020-12-23,47.94,51.05
2020-12-22,47.02,49.88
2020-12-21,47.79,50.61
2020-12-18,49.04,52.17
2020-12-17,48.34,51.2
2020-12-16,47.86,50.83
2020-12-15,47.58,50.77
2020-12-14,47.02,50.27
2020-12-11,46.59,50.01
2020-12-10,46.76,50.33
2020-12-09,45.48,48.81
2020-12-08,45.64,48.84
2020-12-07,45.72,48.63
2020-12-04,46.23,49.1
2020-12-03,45.65,48.37
2020-12-02,45.23,47.8
2020-12-01,44.54,47.03
2020-11-30,45.2,46.84
2020-11-27,,46.88
2020-11-26,,46.32
2020-11-25,45.58,47.3
2020-11-24,44.71,46.63
2020-11-23,42.91,45
2020-11-20,41.99,43.79
2020-11-19,41.57,43.09
2020-11-18,41.64,42.91
2020-11-17,41.24,42.54
2020-11-16,41.14,42.71
2020-11-13,39.93,41.51
2020-11-12,40.9,42.16
2020-11-11,41.23,42.5
2020-11-10,41.18,42.25
2020-11-09,40.05,40.93
2020-11-06,36.97,38.08
2020-11-05,38.56,39.47
2020-11-04,38.97,39.68
2020-11-03,37.44,38.17
2020-11-02,36.6,37.78
2020-10-30,35.64,36.33
2020-10-29,35.94,36.56
2020-10-28,37.27,37.86
2020-10-27,39.34,39.72
2020-10-26,38.39,39.06
2020-10-23,39.73,40.71
2020-10-22,40.46,41.28
2020-10-21,39.88,40.09
2020-10-20,41.37,41.62
2020-10-19,40.69,41.29
2020-10-16,40.7,41.34
2020-10-15,40.84,41.61
2020-10-14,40.86,41.81
2020-10-13,40.03,41.34
2020-10-12,39.22,40.5
2020-10-09,40.44,41.63
2020-10-08,41.04,42
2020-10-07,39.82,40.62
2020-10-06,40.52,41.27
2020-10-05,39.12,39.78
2020-10-02,36.9,38
2020-10-01,38.51,39.75
2020-09-30,40.05,40.3
2020-09-29,39.03,40.33
2020-09-28,40.47,41.59
2020-09-25,40.06,40.91
2020-09-24,40.11,41.24
2020-09-23,39.92,41.09
2020-09-22,39.55,40.84
2020-09-21,39.26,40.37
2020-09-18,41.09,42.16
2020-09-17,40.99,42.35
2020-09-16,40.17,41.23
2020-09-15,38.29,39.54
2020-09-14,37.23,38.57
2020-09-11,37.33,38.8
2020-09-10,37.25,39.27
2020-09-09,38.05,39.98
2020-09-08,36.87,38.53
2020-09-07,,40.67
2020-09-04,39.69,41.1
2020-09-03,41.39,42.72
2020-09-02,42.76,42.7
2020-09-01,42.76,45.72
2020-08-31,42.61,
2020-08-28,42.96,45.22
2020-08-27,42.88,44.84
2020-08-26,43.21,45.79
2020-08-25,43.17,46.01
2020-08-24,42.44,44.43
2020-08-21,42.32,43.94
2020-08-20,42.62,44.56
2020-08-19,42.91,45.21
2020-08-18,42.89,45.34
2020-08-17,42.89,44.91
2020-08-14,42.05,44.86
2020-08-13,42.26,44.87
2020-08-12,42.6,45.09
2020-08-11,41.53,43.68
2020-08-10,41.94,44.19
2020-08-07,41.16,44.07
2020-08-06,41.93,45.04
2020-08-05,42.25,44.92
2020-08-04,41.67,43.99
2020-08-03,40.83,43.76
2020-07-31,40.1,43.13
2020-07-30,39.85,42.98
2020-07-29,41.13,43.51
2020-07-28,40.89,43.11
2020-07-27,41.46,43.39
2020-07-24,41.23,43.29
2020-07-23,40.99,42.96
2020-07-22,41.88,43.98
2020-07-21,41.76,44.31
2020-07-20,40.83,43.3
2020-07-17,40.55,43.53
2020-07-16,40.74,43.71
2020-07-15,41.2,43.96
2020-07-14,40.3,42.97
2020-07-13,40.06,42.85
2020-07-10,40.56,43.27
2020-07-09,39.64,42.35
2020-07-08,40.91,43.67
2020-07-07,40.59,43.28
2020-07-06,40.51,42.73
2020-07-03,,42.92
2020-07-02,40.57,43.19
2020-07-01,39.88,42.18
2020-06-30,39.27,41.64
2020-06-29,39.67,41.58
2020-06-26,38.53,40.97
2020-06-25,38.66,41.18
2020-06-24,37.91,40.4
2020-06-23,40.4,42.72
2020-06-22,40.6,43.2
2020-06-19,39.72,42.33
2020-06-18,38.79,41.75
2020-06-17,37.91,40.47
2020-06-16,38.26,40.75
2020-06-15,37.07,39.44
2020-06-12,36.24,38.54
2020-06-11,36.43,37.76
2020-06-10,39.54,41.18
2020-06-09,38.98,40.45
2020-06-08,38.17,39.66
2020-06-05,39.49,41
2020-06-04,37.42,38.41
2020-06-03,37.33,37.98
2020-06-02,36.88,37.72
2020-06-01,35.49,36.74
2020-05-29,35.57,34.15
2020-05-28,33.67,33.98
2020-05-27,32.8,32.73
2020-05-26,34.7,33.95
2020-05-22,33.49,33.8
2020-05-21,34.3,34.78
2020-05-20,33.56,34.76
2020-05-19,32.3,33.06
2020-05-18,31.83,33.3
2020-05-15,29.44,30.95
2020-05-14,27.4,29.87
2020-05-13,25.37,27.89
2020-05-12,25.76,26.67
2020-05-11,24.02,25.53
2020-05-08,24.73,
2020-05-07,23.68,24.23
2020-05-06,23.88,24.2
2020-05-05,24.56,25.46
2020-05-04,20.47,20.4
2020-05-01,19.72,18.49
2020-04-30,19.23,18.11
2020-04-29,15.04,17.86
2020-04-28,12.4,15.6
2020-04-27,12.17,15.17
2020-04-24,15.99,15.87
2020-04-23,15.06,15.06
2020-04-22,13.64,13.77
2020-04-21,8.91,9.12
2020-04-20,-36.98,17.36
2020-04-17,18.31,19.75
2020-04-16,19.82,18.69
2020-04-15,19.96,19.8
2020-04-14,20.15,21.74
2020-04-13,22.36,
2020-04-09,22.9,20.23
2020-04-08,24.97,25.22
2020-04-07,23.54,22.1
2020-04-06,26.21,22.58
2020-04-03,28.36,24.33
2020-04-02,25.18,20.24
2020-04-01,20.28,14.97
2020-03-31,20.51,14.85
2020-03-30,14.1,19.19
2020-03-27,15.48,22.39
2020-03-26,16.6,23.55
2020-03-25,20.75,25.62
2020-03-24,21.03,24.5
2020-03-23,23.33,23.75
2020-03-20,19.48,25.55
2020-03-19,25.09,23.98
2020-03-18,20.48,22.79
2020-03-17,26.96,27.97
2020-03-16,28.96,27.98
2020-03-13,31.72,32.25
2020-03-12,31.56,31.02
2020-03-11,33.13,34.45
2020-03-10,34.47,35.57
2020-03-09,31.05,35.33
2020-03-06,41.14,45.6
2020-03-05,45.9,51.29
2020-03-04,46.78,51.86
2020-03-03,47.27,52.24
2020-03-02,46.78,52.52
2020-02-28,44.83,51.31
2020-02-27,47.17,52.19
2020-02-26,48.67,54.96
2020-02-25,49.78,55.29
2020-02-24,51.36,56.71
2020-02-21,53.36,58.6
2020-02-20,53.77,59.57
2020-02-19,53.31,59.72
2020-02-18,52.1,57.35
2020-02-17,,57.83
2020-02-14,52.03,57.37
2020-02-13,51.41,56.34
2020-02-12,51.13,55.54
2020-02-11,50,54
2020-02-10,49.59,53.39
2020-02-07,50.34,54.53
2020-02-06,50.94,55.18
2020-02-05,50.87,55.36
2020-02-04,49.59,53.9
2020-02-03,50.06,54
2020-01-31,51.58,57.77
2020-01-30,52.19,57.72
2020-01-29,53.29,59.46
2020-01-28,53.33,59.37
2020-01-27,53.09,58.54
2020-01-24,54.09,59.34
2020-01-23,55.51,61.26
2020-01-22,56.76,62.11
2020-01-21,58.25,63.66
2020-01-20,,64.63
2020-01-17,58.55,64.05
2020-01-16,58.52,64.63
2020-01-15,57.86,63.29
2020-01-14,58.34,64.45
2020-01-13,58.17,64.14
2020-01-10,59.02,66.77
2020-01-09,59.56,66.58
2020-01-08,59.65,67.31
2020-01-07,62.7,68.74
2020-01-06,63.27,70.25
2020-01-03,63,69.08
2020-01-02,61.17,67.05
2019-12-31,61.14,67.77
2019-12-30,61.66,68.3
2019-12-27,61.76,68.91
2019-12-26,61.72,69.26
2019-12-25,61.17,69.26
2019-12-24,61.17,69.26
2019-12-23,60.51,67.49
2019-12-20,60.43,68.66
2019-12-19,61.3,69.7
2019-12-18,60.93,69.12
2019-12-17,60.88,68.99
2019-12-16,60.21,68.04
2019-12-13,60.11,67.44
2019-12-12,59.18,66.67
2019-12-11,58.74,65.37
2019-12-10,59.22,66.57
2019-12-09,58.99,66.44
2019-12-06,59.2,66.5
2019-12-05,58.42,65.67
2019-12-04,58.46,65.25
2019-12-03,56.15,62.95
2019-12-02,55.97,63.2
2019-11-29,58.12,64.5
2019-11-28,,64.68
2019-11-27,58.12,65.03
2019-11-26,58.25,64.82
2019-11-25,57.79,64.67
2019-11-22,57.68,64.83
2019-11-21,58.36,64.99
2019-11-20,56.71,63.8
2019-11-19,54.93,62.37
2019-11-18,56.82,62.82
2019-11-15,57.54,63.32
2019-11-14,56.57,62.46
2019-11-13,56.88,62.27
2019-11-12,56.67,62.19
2019-11-11,56.61,62.58
2019-11-08,57.02,62
2019-11-07,56.91,62.6
2019-11-06,56.15,62.11
2019-11-05,57.04,62.72
2019-11-04,56.33,62.52
2019-11-01,56.04,60.17
2019-10-31,54.02,59.3
2019-10-30,54.85,60.22
2019-10-29,55.34,61.05
2019-10-28,55.6,60.39
2019-10-25,56.52,62.06
2019-10-24,56.11,61.71
2019-10-23,55.9,60.52
2019-10-22,54.21,60.5
2019-10-21,53.28,58.95
2019-10-18,53.75,59.96
2019-10-17,53.89,59.35
2019-10-16,53.42,59.3
2019-10-15,52.81,59.19
2019-10-14,53.57,58.81
2019-10-11,54.76,60.59
2019-10-10,53.57,59.08
2019-10-09,52.63,59.7
2019-10-08,52.64,58.14
2019-10-07,52.76,59.46
2019-10-04,52.84,59.13
2019-10-03,52.41,58.01
2019-10-02,52.67,57.92
2019-10-01,53.6,60.06
2019-09-30,54.09,60.99
2019-09-27,55.95,62.48
2019-09-26,56.24,62.08
2019-09-25,56.38,62.41
2019-09-24,57.22,64.13
2019-09-23,58.69,64.66
2019-09-20,57.92,65.23
2019-09-19,58.19,64.25
2019-09-18,58.19,64.29
2019-09-17,59.26,65.59
2019-09-16,63.1,68.42
2019-09-13,54.76,61.25
2019-09-12,55.13,60.76
2019-09-11,55.66,63.02
2019-09-10,57.37,64.67
2019-09-09,57.88,63.99
2019-09-06,56.45,61.28
2019-09-05,56.33,62.7
2019-09-04,56.22,60.68
2019-09-03,53.91,57.93
2019-09-02,55.07,58.55
2019-08-30,55.07,61.04
2019-08-29,56.67,60.59
2019-08-28,55.76,60.42
2019-08-27,54.99,58.44
2019-08-26,53.54,58.64
2019-08-23,54.08,58.64
2019-08-22,55.33,59.81
2019-08-21,55.65,60.6
2019-08-20,56.18,59.03
2019-08-19,56.24,59.79
2019-08-16,54.83,59
2019-08-15,54.51,57.37
2019-08-14,55.16,57.86
2019-08-13,57.05,59.9
2019-08-12,54.98,57.13
2019-08-09,54.41,57.37
2019-08-08,52.6,56.29
2019-08-07,51.14,55.03
2019-08-06,53.6,58.63
2019-08-05,54.63,59.32
2019-08-02,55.67,61.12
2019-08-01,53.64,62.9
2019-07-31,58.53,64.07
2019-07-30,58.04,62.55
2019-07-29,56.85,62.29
2019-07-26,56.04,62.46
2019-07-25,55.88,63.47
2019-07-24,55.9,63.83
2019-07-23,56.58,62.28
2019-07-22,55.87,61.96
2019-07-19,55.42,61.04
2019-07-18,55.08,60.7
2019-07-17,56.5,63.67
2019-07-16,57.44,65.87
2019-07-15,59.3,66.86
2019-07-12,59.99,66.65
2019-07-11,59.93,67.64
2019-07-10,60.28,66.41
2019-07-09,57.57,64.3
2019-07-08,57.35,64.89
2019-07-05,,64.23
2019-07-04,,63.62
2019-07-03,57.06,63.53
2019-07-02,56,62.72
2019-07-01,58.91,65.1
2019-06-28,58.2,67.52
2019-06-27,59.18,66.78
2019-06-26,59.17,66.85
2019-06-25,57.63,66.24
2019-06-24,57.73,65.16
2019-06-21,57.35,65.99
2019-06-20,56.88,65.44
2019-06-19,53.74,62.85
2019-06-18,53.86,63.35
2019-06-17,51.94,62.56
2019-06-14,52.47,63.13
2019-06-13,52.38,63.28
2019-06-12,51.13,61.66
2019-06-11,53.3,63.56
2019-06-10,53.33,64.31
2019-06-07,53.95,64.1
2019-06-06,52.59,62.77
2019-06-05,51.57,62.14
2019-06-04,53.5,63.56
2019-06-03,53.25,63.16
2019-05-31,53.49,66.78
2019-05-30,56.47,69.55
2019-05-29,58.84,70.64
2019-05-28,58.91,70.19
2019-05-27,58.4,67.98
2019-05-24,58.4,67.98
2019-05-23,57.65,68.37
2019-05-22,61.42,71.94
2019-05-21,63.02,72.94
2019-05-20,63.12,73.21
2019-05-17,62.77,73.94
2019-05-16,62.93,74.7
2019-05-15,62.03,73.09
2019-05-14,61.82,72.53
2019-05-13,60.97,72.35
2019-05-10,61.65,71.63
2019-05-09,61.58,70.61
2019-05-08,62.13,71.09
2019-05-07,61.41,70.98
2019-05-06,62.3,71.95
2019-05-03,61.98,71.95
2019-05-02,61.75,70.56
2019-05-01,63.55,72.01
2019-04-30,63.83,72.19
2019-04-29,63.39,71.22
2019-04-26,63.29,71.03
2019-04-25,65.23,74.94
2019-04-24,65.96,73.59
2019-04-23,66.24,74.39
2019-04-22,65.66,70.71
2019-04-18,64.02,70.71
2019-04-17,63.74,71.14
2019-04-16,64.01,70.74
2019-04-15,63.43,70.9
2019-04-12,63.86,71.57
2019-04-11,63.61,71.3
2019-04-10,64.62,71.63
2019-04-09,64.05,71.02
2019-04-08,64.37,71.12
2019-04-05,63.1,69.93
2019-04-04,62.12,69.8
2019-04-03,62.46,69.21
2019-04-02,62.53,69.68
2019-04-01,61.59,69.08
2019-03-29,60.19,67.93
2019-03-28,59.29,66.08
2019-03-27,59.39,67.35
2019-03-26,59.87,67.51
2019-03-25,58.71,67.37
2019-03-22,58.87,66.29
2019-03-21,59.98,68.3
2019-03-20,60.12,68.35
2019-03-19,59.12,67.13
2019-03-18,59.09,66.65
2019-03-15,58.51,66.11
2019-03-14,58.59,66.18
2019-03-13,58.27,65.89
2019-03-12,56.89,65.33
2019-03-11,56.79,65.06
2019-03-08,55.77,65.66
2019-03-07,56.6,64.82
2019-03-06,56.22,64.51
2019-03-05,56.55,64.24
2019-03-04,56.6,64.44
2019-03-01,55.76,63.71
2019-02-28,57.21,65.03
2019-02-27,56.92,65.55
2019-02-26,55.4,64.51
2019-02-25,55.32,64.02
2019-02-22,57.01,66.91
2019-02-21,56.95,66.91
2019-02-20,56.9,66.82
2019-02-19,56.12,65.86
2019-02-18,55.58,66.41
2019-02-15,55.58,65.65
2019-02-14,54.4,64
2019-02-13,53.84,63.27
2019-02-12,53.14,62.58
2019-02-11,52.43,61.3
2019-02-08,52.75,61.37
2019-02-07,52.68,61.01
2019-02-06,53.94,62.22
2019-02-05,53.69,61.67
2019-02-04,54.57,62.26
2019-02-01,55.29,61.86
2019-01-31,53.84,62.46
2019-01-30,54.18,61.89
2019-01-29,53.07,60.98
2019-01-28,51.79,59.71
2019-01-25,53.53,61.49
2019-01-24,52.94,61.09
2019-01-23,52.44,61.05
2019-01-22,52.59,60.9
2019-01-21,51.83,62.18
2019-01-18,53.6,62.04
2019-01-17,51.83,59.85
2019-01-16,52.08,59.81
2019-01-15,51.8,58.65
2019-01-14,50.31,58.8
2019-01-11,51.44,59.24
2019-01-10,52.42,60.47
2019-01-09,52.19,59.46
2019-01-08,49.58,56.91
2019-01-07,48.27,57.1
2019-01-04,47.76,55.64
2019-01-03,46.92,53.23
2019-01-02,46.31,54.06
2018-12-28,45.15,50.57
2018-12-27,44.48,51.49
2018-12-26,46.04,
2018-12-21,45.38,51.93
2018-12-20,45.64,52.84
2018-12-19,47.96,55.6
2018-12-18,46.12,55.26
2018-12-17,49.8,57.59
2018-12-14,51.26,58.56
2018-12-13,52.69,59.03
2018-12-12,51.04,59.94
2018-12-11,51.65,59.73
2018-12-10,51.07,60.29
2018-12-07,52.76,61.71
2018-12-06,51.54,57.83
2018-12-05,52.64,61.4
2018-12-04,53.21,61.22
2018-12-03,52.98,60.17
2018-11-30,50.78,57.71
2018-11-29,51.46,58.29
2018-11-28,50.06,57.97
2018-11-27,51.31,59.58
2018-11-26,51.46,59.7
2018-11-23,,57.69
2018-11-22,,61.11
2018-11-21,54.41,61.65
2018-11-20,53.39,61.5
2018-11-19,57.16,64.14
2018-11-16,56.49,65.29
2018-11-15,56.45,65.61
2018-11-14,56.16,64.88
2018-11-13,55.63,65.45
2018-11-12,59.85,69.81
2018-11-09,60.19,69.01
2018-11-08,60.71,69.29
2018-11-07,61.69,70.1
2018-11-06,62.16,70.64
2018-11-05,63.12,72.68
2018-11-02,63.12,71.11
2018-11-01,63.67,71.25
2018-10-31,65.31,74.84
2018-10-30,66.18,75.68
2018-10-29,67,77.56
2018-10-26,67.58,77.4
2018-10-25,67.25,77.3
2018-10-24,66.56,77.34
2018-10-23,66.49,78.67
2018-10-22,69.25,80.45
2018-10-19,69.16,80.38
2018-10-18,68.63,80.3
2018-10-17,69.63,79.91
2018-10-16,71.93,80.53
2018-10-15,71.84,80.91
2018-10-12,71.41,80.71
2018-10-11,70.97,81.35
2018-10-10,73.18,83.82
2018-10-09,74.95,85.16
2018-10-08,74.27,84.22
2018-10-05,74.26,85.12
2018-10-04,74.44,86.07
2018-10-03,76.4,85.45
2018-10-02,75.16,85.63
2018-10-01,75.37,84.94
2018-09-28,73.16,82.72
2018-09-27,72.18,81.54
2018-09-26,72.22,81.87
2018-09-25,73.4,82.21
2018-09-24,73.23,80.89
2018-09-21,70.8,78.9
2018-09-20,70.77,79.03
2018-09-19,71.08,79.43
2018-09-18,69.87,79.25
2018-09-17,68.86,78.22
2018-09-14,68.98,77.87
2018-09-13,68.6,77.66
2018-09-12,70.37,80.02
2018-09-11,69.29,78.22
2018-09-10,67.55,76.77
2018-09-07,67.73,75.55
2018-09-06,67.81,75.67
2018-09-05,68.69,76.68
2018-09-04,69.82,77.51
2018-09-03,,77.81
2018-08-31,69.84,76.94
2018-08-30,70.25,77.05
2018-08-29,69.68,76.07
2018-08-28,68.54,75.91
2018-08-27,69.97,74.41
2018-08-24,69.71,74.41
2018-08-23,69.13,73.73
2018-08-22,67.85,72.96
2018-08-21,67.32,71.65
2018-08-20,66.5,71.11
2018-08-17,65.93,70.14
2018-08-16,65.44,69.21
2018-08-15,65.07,68.38
2018-08-14,67.04,70.77
2018-08-13,67.25,70.62
2018-08-10,67.61,71
2018-08-09,66.81,70.55
2018-08-08,66.92,70.71
2018-08-07,69.17,72.31
2018-08-06,69.01,72.51
2018-08-03,68.49,72.48
2018-08-02,68.95,72.95
2018-08-01,68.8,72.28
2018-07-31,69.88,74.16
2018-07-30,71.19,74.99
2018-07-27,68.66,74.84
2018-07-26,71.59,74.51
2018-07-25,71.13,73.67
2018-07-24,70.77,73.53
2018-07-23,67.9,73.45
2018-07-20,70.31,71.99
2018-07-19,69.42,71.94
2018-07-18,68.78,70.52
2018-07-17,68.03,70.87
2018-07-16,68.22,71.03
2018-07-13,71.03,74.11
2018-07-12,70.28,72.11
2018-07-11,70.47,75.35
2018-07-10,74.11,77.8
2018-07-09,73.93,77.08
2018-07-06,73.78,74.98
2018-07-05,73.05,77.09
2018-07-04,,76.99
2018-07-03,74.19,75.87
2018-07-02,73.89,76.71
2018-06-29,74.13,77.44
2018-06-28,73.45,76.26
2018-06-27,77.41,76.09
2018-06-26,75.23,73.58
2018-06-25,69.91,72.82
2018-06-22,69.02,73.67
2018-06-21,65.68,72.87
2018-06-20,65.92,74.25
2018-06-19,65.09,74.92
2018-06-18,65.91,74.87
2018-06-15,65.01,72.02
2018-06-14,66.91,74.77
2018-06-13,66.63,75.07
2018-06-12,66.38,74.86
2018-06-11,66.1,74.58
2018-06-08,65.77,75.11
2018-06-07,65.96,75.23
2018-06-06,64.75,73.23
2018-06-05,65.51,72.91
2018-06-04,64.76,73.41
2018-06-01,65.81,74.54
2018-05-31,66.98,76.45
2018-05-30,68.24,75.89
2018-05-29,66.8,74.51
2018-05-25,67.92,76.6
2018-05-24,70.77,78.9
2018-05-23,71.85,78.69
2018-05-22,72.09,80.42
2018-05-21,72.26,78.34
2018-05-18,71.23,78.38
2018-05-17,71.47,80.09
2018-05-16,71.43,78.19
2018-05-15,71.34,78.94
2018-05-14,71.01,78.17
2018-05-11,70.69,77.37
2018-05-10,71.36,77.59
2018-05-09,71.16,77.6
2018-05-08,68.83,74.16
2018-05-07,70.74,74.75
2018-05-04,69.71,74.75
2018-05-03,68.45,73.45
2018-05-02,67.91,73.14
2018-05-01,67.28,74.85
2018-04-30,68.56,75.92
2018-04-27,68.11,75.33
2018-04-26,68.18,75.39
2018-04-25,68,73.79
2018-04-24,67.66,75.86
2018-04-23,67.61,74.54
2018-04-20,68.26,74.62
2018-04-19,68.3,74.85
2018-04-18,68.44,73.73
2018-04-17,66.5,71.71
2018-04-16,66.23,73.18
2018-04-13,67.35,73.18
2018-04-12,67.07,71.44
2018-04-11,66.81,72.74
2018-04-10,65.48,70.67
2018-04-09,63.4,68.19
2018-04-06,62.03,66.51
2018-04-05,63.53,66.54
2018-04-04,63.35,66.04
2018-04-03,63.41,69.02
2018-04-02,63.05,69.02
2018-03-29,64.87,69.02
2018-03-28,64.3,68.13
2018-03-27,65.21,68.63
2018-03-26,65.49,68.81
2018-03-23,65.8,69.03
2018-03-22,64.25,68.98
2018-03-21,65.1,68.15
2018-03-20,63.37,66
2018-03-19,62.01,64.82
2018-03-16,62.29,64.68
2018-03-15,61.16,63.67
2018-03-14,60.89,63.61
2018-03-13,60.69,64.2
2018-03-12,61.35,64.53
2018-03-09,62.02,65.19
2018-03-08,60.13,63.87
2018-03-07,61.09,65.09
2018-03-06,62.54,65.67
2018-03-05,62.49,65.78
2018-03-02,61.19,64.26
2018-03-01,60.98,64.23
2018-02-28,61.43,66.08
2018-02-27,62.94,67.59
2018-02-26,63.81,67.96
2018-02-23,63.52,67.04
2018-02-22,62.72,66.12
2018-02-21,61.73,64.81
2018-02-20,61.91,64.68
2018-02-19,,64.95
2018-02-16,61.89,64.3
2018-02-15,61.48,62.86
2018-02-14,60.7,62.29
2018-02-13,59.33,61.94
2018-02-12,59.41,62.2
2018-02-09,59.2,63.04
2018-02-08,61.3,64.26
2018-02-07,61.91,65.74
2018-02-06,63.48,66.75
2018-02-05,64.18,67.69
2018-02-02,65.5,67.45
2018-02-01,65.92,68.6
2018-01-31,64.82,67.78
2018-01-30,64.64,67.78
2018-01-29,65.71,68.41
2018-01-26,66.27,70.08
2018-01-25,65.62,71.08
2018-01-24,65.69,69.91
2018-01-23,64.45,69.81
2018-01-22,63.66,69.32
2018-01-19,63.38,68.56
2018-01-18,63.96,69.48
2018-01-17,63.92,69.19
2018-01-16,63.82,69.4
2018-01-15,,70.31
2018-01-12,64.22,69.64
2018-01-11,63.81,70.36
2018-01-10,63.6,69.79
2018-01-09,62.92,69.08
2018-01-08,61.73,68.48
2018-01-05,61.49,68.01
2018-01-04,61.98,68.73
2018-01-03,61.61,67.85
2018-01-02,60.37,66.65
2017-12-29,60.46,66.73
2017-12-28,59.84,66.8
2017-12-27,59.67,66.03
2017-12-26,59.55,
2017-12-22,58.25,64.61
2017-12-21,58.34,64.64
2017-12-20,58.09,64.43
2017-12-19,57.49,63.69
2017-12-18,57.17,64.45
2017-12-15,57.29,63.81
2017-12-14,57,63.72
2017-12-13,56.59,63.66
2017-12-12,57.12,64.96
2017-12-11,57.84,65.62
2017-12-08,57.15,63.86
2017-12-07,56.5,62.37
2017-12-06,55.79,62.25
2017-12-05,57.66,63.45
2017-12-04,57.48,63.45
2017-12-01,58.35,64.57
2017-11-30,57.4,63.53
2017-11-29,57.25,63.74
2017-11-28,57.96,63.56
2017-11-27,58.1,63.25
2017-11-24,58.94,63.58
2017-11-23,,63.27
2017-11-22,57.88,62.92
2017-11-21,56.84,62.28
2017-11-20,56.21,61.34
2017-11-17,56.21,61.34
2017-11-16,55.14,61.18
2017-11-15,55.28,61.25
2017-11-14,55.67,60.91
2017-11-13,56.77,62.94
2017-11-10,56.75,64.35
2017-11-09,57.16,64.49
2017-11-08,56.82,63.96
2017-11-07,57.19,64.36
2017-11-06,57.34,64.27
2017-11-03,55.63,61.42
2017-11-02,54.55,60.79
2017-11-01,54.32,60.98
2017-10-31,54.36,61.35
2017-10-30,54.11,60.65
2017-10-27,53.92,60.15
2017-10-26,52.41,58.75
2017-10-25,51.97,58.45
2017-10-24,52.32,57.84
2017-10-23,51.91,57.69
2017-10-20,51.63,57.89
2017-10-19,51.29,57.82
2017-10-18,52.05,58.05
2017-10-17,51.87,57.63
2017-10-16,51.86,57.49
2017-10-13,51.43,56.86
2017-10-12,50.61,56.13
2017-10-11,51.3,56.13
2017-10-10,50.93,56.62
2017-10-09,49.58,55.29
2017-10-06,49.34,55.5
2017-10-05,50.79,57.09
2017-10-04,50,56
2017-10-03,50.44,56.12
2017-10-02,50.59,55.67
2017-09-29,51.67,57.02
2017-09-28,51.62,58.8
2017-09-27,52.14,58.74
2017-09-26,51.59,59.77
2017-09-25,51.85,59.42
2017-09-22,50.33,58.16
2017-09-21,50.58,57.73
2017-09-20,50.29,57.2
2017-09-19,49.54,56.58
2017-09-18,49.88,55.5
2017-09-15,49.9,56.18
2017-09-14,49.86,56.76
2017-09-13,49.3,55.52
2017-09-12,48.21,55.06
2017-09-11,48.06,54.2
2017-09-08,47.44,54.55
2017-09-07,49.1,54.16
2017-09-06,49.13,54.48
2017-09-05,48.63,53.63
2017-09-04,,52.6
2017-09-01,47.32,53.15
2017-08-31,47.26,52.69
2017-08-30,45.96,51.91
2017-08-29,46.46,51.64
2017-08-28,46.4,51.87
2017-08-25,47.65,51.87
2017-08-24,47.24,51.73
2017-08-23,48.45,52.31
2017-08-22,47.65,52.29
2017-08-21,47.39,51.94
2017-08-18,48.59,50.96
2017-08-17,47.07,50.37
2017-08-16,46.8,50.39
2017-08-15,47.57,49.9
2017-08-14,47.59,51.29
2017-08-11,48.81,51.47
2017-08-10,48.54,52.59
2017-08-09,49.59,52.16
2017-08-08,49.07,52.18
2017-08-07,49.37,51.42
2017-08-04,49.57,52.48
2017-08-03,49.03,52.88
2017-08-02,49.6,52.09
2017-08-01,49.19,50.77
2017-07-31,50.21,51.99
2017-07-28,49.72,52
2017-07-27,49.05,50.67
2017-07-26,48.58,50.08
2017-07-25,47.77,49.19
2017-07-24,46.21,47.81
2017-07-21,45.78,47.47
2017-07-20,46.73,48.54
2017-07-19,47.1,48.34
2017-07-18,46.4,47.92
2017-07-17,46.02,47.66
2017-07-14,46.53,47.89
2017-07-13,46.06,47.65
2017-07-12,45.48,46.73
2017-07-11,45.06,46.68
2017-07-10,44.4,46.57
2017-07-07,44.25,46.47
2017-07-06,45.52,48.53
2017-07-05,45.11,47.58
2017-07-04,,49.15
2017-07-03,,49.13
2017-06-30,46.02,47.08
2017-06-29,44.88,47.02
2017-06-28,44.74,46.45
2017-06-27,44.25,46.17
2017-06-26,43.24,44.09
2017-06-23,42.86,44.14
2017-06-22,42.53,44.46
2017-06-21,42.48,44.62
2017-06-20,43.34,43.98
2017-06-19,44.24,45.93
2017-06-16,44.73,45.7
2017-06-15,44.47,45.61
2017-06-14,44.79,45.47
2017-06-13,46.41,46.95
2017-06-12,46.1,47.18
2017-06-09,45.82,46.64
2017-06-08,45.68,46.3
2017-06-07,45.8,47.08
2017-06-06,48.13,48.11
2017-06-05,47.4,48.25
2017-06-02,47.68,48.46
2017-06-01,48.32,50.41
2017-05-31,48.29,49.4
2017-05-30,49.63,50.65
2017-05-29,,52.25
2017-05-26,49.58,50.84
2017-05-25,48.57,52.25
2017-05-24,50.99,53.29
2017-05-23,51.12,53.19
2017-05-22,50.81,53.35
2017-05-19,50.32,52.78
2017-05-18,49.36,51.71
2017-05-17,49.04,51.76
2017-05-16,48.64,51.21
2017-05-15,48.86,51.29
2017-05-12,47.83,49.08
2017-05-11,47.81,49.18
2017-05-10,47.28,48.09
2017-05-09,45.84,47.06
2017-05-08,46.46,46.61
2017-05-05,46.23,47.45
2017-05-04,45.55,47.53
2017-05-03,47.79,48.82
2017-05-02,47.65,49.31
2017-05-01,48.83,50.41
2017-04-28,49.31,49.46
2017-04-27,48.96,49.46
2017-04-26,49.22,49.99
2017-04-25,49.22,49.37
2017-04-24,48.9,49.45
2017-04-21,49.64,49.93
2017-04-20,50.26,50.66
2017-04-19,50.49,52.43
2017-04-18,52.46,52.6
2017-04-17,52.62,54.79
2017-04-13,53.19,55.05
2017-04-12,53.12,54.75
2017-04-11,53.38,54.73
2017-04-10,53.06,54.79
2017-04-07,52.25,54.24
2017-04-06,51.69,53.62
2017-04-05,51.14,53.41
2017-04-04,50.99,53.08
2017-04-03,50.25,52.04
2017-03-31,50.54,52.2
2017-03-30,50.3,52.25
2017-03-29,49.47,51.36
2017-03-28,48.36,50.72
2017-03-27,47.02,50.12
2017-03-24,47.3,49.97
2017-03-23,47,50.17
2017-03-22,47.29,49.56
2017-03-21,47.02,50.14
2017-03-20,47.79,50.67
2017-03-17,48.34,50.58
2017-03-16,48.3,50.56
2017-03-15,48.34,50.63
2017-03-14,47.24,49.6
2017-03-13,47.95,50.1
2017-03-10,48.05,50.63
2017-03-09,48.75,50.65
2017-03-08,49.83,53.3
2017-03-07,52.68,54.61
2017-03-06,53.19,54.73
2017-03-03,53.33,54.12
2017-03-02,52.63,54.16
2017-03-01,53.82,55.72
2017-02-28,54,53.36
2017-02-27,54.04,54.65
2017-02-24,53.99,54.69
2017-02-23,54.48,55.82
2017-02-22,53.61,54.9
2017-02-21,54.02,56.34
2017-02-20,,55.25
2017-02-17,53.41,54.48
2017-02-16,53.41,54.16
2017-02-15,53.11,54.57
2017-02-14,53.21,54.96
2017-02-13,52.96,54.15
2017-02-10,53.84,55.2
2017-02-09,52.99,53.98
2017-02-08,52.37,54.42
2017-02-07,52.19,53.79
2017-02-06,53.01,55.02
2017-02-03,53.81,55.92
2017-02-02,53.55,55.94
2017-02-01,53.9,55.79
2017-01-31,52.75,55.25
2017-01-30,52.63,54.77
2017-01-27,53.18,54.8
2017-01-26,53.24,55.89
2017-01-25,52.14,54.34
2017-01-24,52.38,54.7
2017-01-23,52.77,54.8
2017-01-20,52.33,55.04
2017-01-19,51.39,53.18
2017-01-18,51.12,53.77
2017-01-17,52.45,54.68
2017-01-16,,54.3
2017-01-13,52.36,54.37
2017-01-12,53.01,54.51
2017-01-11,52.19,53.61
2017-01-10,50.82,53.2
2017-01-09,51.95,54.39
2017-01-06,53.98,55.9
2017-01-05,53.77,54.99
2017-01-04,53.26,54.57
2017-01-03,52.36,55.05
2016-12-30,53.75,54.96
2016-12-29,53.8,54.95
2016-12-28,54.01,53.93
2016-12-27,52.82,53.93
2016-12-23,52.01,53.93
2016-12-22,51.98,54.04
2016-12-21,51.44,53.01
2016-12-20,52.22,54.56
2016-12-19,52.13,53.53
2016-12-16,51.93,54.15
2016-12-15,50.9,51.72
2016-12-14,51.01,53.15
2016-12-13,52.99,53.28
2016-12-12,52.74,53.99
2016-12-09,51.51,52.19
2016-12-08,50.84,51.6
2016-12-07,49.85,51.9
2016-12-06,50.95,52.31
2016-12-05,51.72,53.3
2016-12-02,51.7,52.35
2016-12-01,51.08,52.28
2016-11-30,49.41,47.95
2016-11-29,45.29,44.68
2016-11-28,45.66,46.64
2016-11-25,46.72,46.32
2016-11-24,,47.54
2016-11-23,46.72,46.54
2016-11-22,48.07,46.1
2016-11-21,47.48,45.96
2016-11-18,45.69,44.41
2016-11-17,45.37,44.57
2016-11-16,45.56,45.07
2016-11-15,45.86,44.15
2016-11-14,43.29,41.83
2016-11-11,43.39,41.61
2016-11-10,44.62,43.67
2016-11-09,45.2,43.88
2016-11-08,44.96,43.47
2016-11-07,44.88,42.83
2016-11-04,44.07,43.06
2016-11-03,44.66,43.84
2016-11-02,45.32,44.26
2016-11-01,46.66,
2016-10-31,46.83,46.2
2016-10-28,48.72,47.78
2016-10-27,49.71,49.13
2016-10-26,48.75,48.98
2016-10-25,49.45,49.08
2016-10-24,50.18,49.8
2016-10-21,50.61,50.28
2016-10-20,50.31,50.42
2016-10-19,51.59,51.85
2016-10-18,50.3,49.81
2016-10-17,49.97,49.31
2016-10-14,50.35,48.87
2016-10-13,50.47,49.29
2016-10-12,50.14,49.53
2016-10-11,50.72,50.48
2016-10-10,49.76,51.54
2016-10-07,49.76,50.49
2016-10-06,50.44,50.14
2016-10-05,49.75,49.57
2016-10-04,48.67,48.81
2016-10-03,48.8,48.61
2016-09-30,47.72,48.24
2016-09-29,47.72,48.43
2016-09-28,47.07,45.49
2016-09-27,44.65,44.95
2016-09-26,45.6,46.61
2016-09-23,44.36,46.71
2016-09-22,46.1,47.21
2016-09-21,45.33,45.99
2016-09-20,43.85,45.24
2016-09-19,43.34,46.04
2016-09-16,43.04,45.26
2016-09-15,43.85,45.83
2016-09-14,43.62,45.65
2016-09-13,44.91,46.48
2016-09-12,46.28,47.82
2016-09-09,45.88,48.37
2016-09-08,47.63,49.23
2016-09-07,45.47,47
2016-09-06,44.85,46.21
2016-09-05,44.39,46.72
2016-09-02,44.39,45.96
2016-09-01,43.17,45.05
2016-08-31,44.68,47.94
2016-08-30,46.32,47.94
2016-08-29,46.97,49.66
2016-08-26,47.64,49.66
2016-08-25,46.97,49.25
2016-08-24,46.29,47.56
2016-08-23,47.54,48.7
2016-08-22,46.8,48.1
2016-08-19,48.48,49.39
2016-08-18,48.2,49.46
2016-08-17,46.81,48.58
2016-08-16,46.57,48.27
2016-08-15,45.72,47.31
2016-08-12,44.47,45.12
2016-08-11,43.51,44.23
2016-08-10,41.75,42.19
2016-08-09,42.78,43.37
2016-08-08,43.06,43.24
2016-08-05,41.83,42.47
2016-08-04,41.92,41.33
2016-08-03,40.8,40.45
2016-08-02,39.5,40
2016-08-01,40.05,40.17
2016-07-29,41.54,40.76
2016-07-28,41.13,41.87
2016-07-27,41.9,42.78
2016-07-26,42.16,43.56
2016-07-25,42.4,43.76
2016-07-22,43.41,44.24
2016-07-21,43.96,44.99
2016-07-20,44.96,45.82
2016-07-19,44.64,45.7
2016-07-18,45.23,45.35
2016-07-15,45.93,46.25
2016-07-14,45.64,46.01
2016-07-13,44.87,44.67
2016-07-12,46.82,46.72
2016-07-11,44.73,44.04
2016-07-08,45.37,44.53
2016-07-07,45.22,45.93
2016-07-06,47.37,45.7
2016-07-05,46.73,45.64
2016-07-04,,48.02
2016-07-01,49.02,47.65
2016-06-30,48.27,48.05
2016-06-29,49.85,48.4
2016-06-28,47.93,46.29
2016-06-27,45.8,45.07
2016-06-24,46.7,46.69
2016-06-23,49.34,48.63
2016-06-22,49.16,48.43
2016-06-21,48.95,48.18
2016-06-20,49.4,48.68
2016-06-17,48,46.57
2016-06-16,46.14,45.66
2016-06-15,47.92,47.47
2016-06-14,48.49,47.88
2016-06-13,48.89,49.36
2016-06-10,49.09,49.7
2016-06-09,50.52,50.59
2016-06-08,51.23,50.73
2016-06-07,50.37,49.76
2016-06-06,49.71,48.94
2016-06-03,48.69,48.5
2016-06-02,49.14,49.05
2016-06-01,49.07,48.81
2016-05-31,49.1,49.26
2016-05-27,49.36,49.09
2016-05-26,49,49.52
2016-05-25,49.1,48.87
2016-05-24,48.04,48.42
2016-05-23,48.12,47.77
2016-05-20,47.67,48.54
2016-05-19,48.16,47.01
2016-05-18,48.12,48.93
2016-05-17,48.29,48.71
2016-05-16,47.72,48.49
2016-05-13,46.22,47.05
2016-05-12,46.64,46.43
2016-05-11,46.21,46.08
2016-05-10,44.68,44.01
2016-05-09,43.45,42.43
2016-05-06,44.58,44.6
2016-05-05,44.33,44.39
2016-05-04,43.77,43.08
2016-05-03,43.65,43.09
2016-05-02,44.75,45.82
2016-04-29,45.98,45.64
2016-04-28,46.03,45.6
2016-04-27,45.29,44.17
2016-04-26,42.52,43.94
2016-04-25,41.67,42.97
2016-04-22,42.76,43.97
2016-04-21,43.18,43.48
2016-04-20,42.72,43.09
2016-04-19,40.88,43.02
2016-04-18,39.74,41.64
2016-04-15,40.4,41.32
2016-04-14,41.45,43.02
2016-04-13,41.7,42.81
2016-04-12,42.12,43.02
2016-04-11,40.46,41.58
2016-04-08,39.74,40.71
2016-04-07,37.3,37.15
2016-04-06,37.74,37.77
2016-04-05,34.52,35.88
2016-04-04,34.3,36.05
2016-04-01,35.36,36.42
2016-03-31,36.94,36.75
2016-03-30,36.91,36.75
2016-03-29,36.91,36.75
2016-03-28,37.99,38.33
2016-03-24,38.14,38.33
2016-03-23,38.28,38.84
2016-03-22,41.45,40.54
2016-03-21,39.91,39.91
2016-03-18,39.47,39.26
2016-03-17,40.17,39.29
2016-03-16,38.43,38.38
2016-03-15,36.32,37.49
2016-03-14,37.2,38.06
2016-03-11,38.51,39.41
2016-03-10,37.77,38.63
2016-03-09,37.62,40.26
2016-03-08,36.67,39.16
2016-03-07,37.9,39.02
2016-03-04,35.91,37.61
2016-03-03,34.56,35.75
2016-03-02,34.57,36.38
2016-03-01,34.39,35.73
2016-02-29,32.74,35.92
2016-02-26,31.65,35.76
2016-02-25,31.4,32.83
2016-02-24,30.35,31.5
2016-02-23,31.84,31.9
2016-02-22,31.37,33.59
2016-02-19,29.59,31.66
2016-02-18,30.77,33.2
2016-02-17,30.68,33.21
2016-02-16,29.05,31.09
2016-02-12,29.32,31.8
2016-02-11,26.19,28.82
2016-02-10,27.54,29.64
2016-02-09,27.96,30.15
2016-02-08,29.71,31.64
2016-02-05,30.86,32.35
2016-02-04,31.63,32.76
2016-02-03,32.29,32.38
2016-02-02,29.9,30.98
2016-02-01,31.62,32.45
2016-01-29,33.66,33.14
2016-01-28,33.21,33.01
2016-01-27,32.32,31.83
2016-01-26,29.54,30.94
2016-01-25,30.31,29.82
2016-01-22,32.07,30.46
2016-01-21,29.55,27.59
2016-01-20,26.68,26.01
2016-01-19,28.47,27.36
2016-01-18,,27.36
2016-01-15,29.45,28.8
2016-01-14,31.22,28.84
2016-01-13,30.42,28.58
2016-01-12,30.42,29.14
2016-01-11,31.42,30.14
2016-01-08,33.2,31.67
2016-01-07,33.29,33.57
2016-01-06,33.97,33.89
2016-01-05,35.97,35.56
2016-01-04,36.81,36.28
2016-01-01,37.13,36.61
2015-12-31,37.13,36.61
2015-12-30,36.59,35.65
2015-12-29,37.88,36.85
2015-12-28,36.36,37.08
2015-12-25,37.6,37.08
2015-12-24,37.62,37.22
2015-12-23,36.76,35.79
2015-12-22,36.12,35.26
2015-12-21,34.55,35.34
2015-12-18,34.72,36.76
2015-12-17,34.98,36.29
2015-12-16,35.55,36.96
2015-12-15,37.32,37.66
2015-12-14,36.31,36.51
2015-12-11,35.65,36.99
2015-12-10,36.76,38.65
2015-12-09,37.16,39.04
2015-12-08,37.46,39.44
2015-12-07,37.64,39.69
2015-12-04,40,41.44
2015-12-03,41.08,42
2015-12-02,39.93,41.92
2015-12-01,40.58,42.97
2015-11-30,40.43,43.73
2015-11-27,40.57,43.07
2015-11-26,41.22,43.55
2015-11-25,41.22,43.56
2015-11-24,40.89,44.38
2015-11-23,39.27,43.7
2015-11-20,39.39,42.49
2015-11-19,40.55,42.22
2015-11-18,40.75,41.45
2015-11-17,40.73,41.28
2015-11-16,41.68,40.28
2015-11-13,40.69,41.98
2015-11-12,41.74,44.98
2015-11-11,42.95,44.98
2015-11-10,44.23,46.44
2015-11-09,43.87,45.38
2015-11-06,44.32,46.09
2015-11-05,45.27,47.19
2015-11-04,46.32,46.96
2015-11-03,47.88,48
2015-11-02,46.12,47.91
2015-10-30,46.6,48
2015-10-29,46.02,48.04
2015-10-28,45.93,47.6
2015-10-27,43.21,45.54
2015-10-26,43.19,46.57
2015-10-23,43.91,46.3
2015-10-22,44.9,46.59
2015-10-21,45.22,46.72
2015-10-20,45.84,46.93
2015-10-19,45.91,47.51
2015-10-16,47.3,48.96
2015-10-15,46.38,47.87
2015-10-14,46.63,48.25
2015-10-13,46.7,48.94
2015-10-12,47.09,50.95
2015-10-09,49.67,52.08
2015-10-08,49.46,52.13
2015-10-07,47.86,51.66
2015-10-06,48.53,51.34
2015-10-05,46.28,49.45
2015-10-02,45.54,46.55
2015-10-01,44.75,47.48
2015-09-30,45.06,47.29
2015-09-29,45.24,47.58
2015-09-28,44.4,46.04
2015-09-25,45.55,47.28
2015-09-24,44.94,47.06
2015-09-23,44.53,48
2015-09-22,46.17,46.69
2015-09-21,46.67,47.64
2015-09-18,44.71,47.28
2015-09-17,46.93,48.27
2015-09-16,47.12,49.35
2015-09-15,44.58,45.91
2015-09-14,44.07,45.87
2015-09-11,44.75,46.87
2015-09-10,45.85,47.77
2015-09-09,44.13,48.04
2015-09-08,45.92,48.88
2015-09-07,,46.42
2015-09-04,46.02,48.59
2015-09-03,46.75,50.41
2015-09-02,46.3,47.67
2015-09-01,45.38,48.8
2015-08-31,49.2,47.97
2015-08-28,45.29,47.97
2015-08-27,42.47,44.46
2015-08-26,38.5,41.76
2015-08-25,39.15,41.86
2015-08-24,38.22,41.59
2015-08-21,40.45,43.84
2015-08-20,41,45.63
2015-08-19,40.75,45.75
2015-08-18,42.58,47
2015-08-17,41.93,47.77
2015-08-14,42.45,47.79
2015-08-13,42.27,48.01
2015-08-12,43.22,48.29
2015-08-11,43.11,47.33
2015-08-10,44.94,48.3
2015-08-07,43.87,47.54
2015-08-06,44.69,47.8
2015-08-05,45.13,49.04
2015-08-04,45.75,49.08
2015-08-03,45.25,49.49
2015-07-31,47.11,53.29
2015-07-30,48.53,54.29
2015-07-29,48.77,54.73
2015-07-28,47.97,54.3
2015-07-27,47.17,54.07
2015-07-24,47.98,54.29
2015-07-23,48.11,55.76
2015-07-22,49.27,56.36
2015-07-21,50.59,55.94
2015-07-20,50.11,56.42
2015-07-17,50.88,56.38
2015-07-16,50.9,57.31
2015-07-15,51.4,57.34
2015-07-14,53.05,57.2
2015-07-13,52.19,57.63
2015-07-10,52.74,57.72
2015-07-09,52.76,57.83
2015-07-08,51.61,55.7
2015-07-07,52.33,54.72
2015-07-06,52.48,57.19
2015-07-03,,59.06
2015-07-02,56.93,61.73
2015-07-01,56.94,61.65
2015-06-30,59.48,60.31
2015-06-29,58.34,59.03
2015-06-26,59.41,60.14
2015-06-25,59.59,60.24
2015-06-24,60.01,61.63
2015-06-23,61.05,61.67
2015-06-22,60.01,60.54
2015-06-19,59.62,59.41
2015-06-18,60.41,61.37
2015-06-17,59.89,60.75
2015-06-16,60.01,60.75
2015-06-15,59.53,60.99
2015-06-12,59.96,63.19
2015-06-11,60.74,63.76
2015-06-10,61.36,64.68
2015-06-09,60.15,63.23
2015-06-08,58.15,61.33
2015-06-05,59.11,60.36
2015-06-04,58,60.34
2015-06-03,59.67,62.78
2015-06-02,61.3,63.14
2015-06-01,60.24,62.87
2015-05-29,60.25,63.16
2015-05-28,57.69,60.12
2015-05-27,57.51,61.35
2015-05-26,57.29,61.65
2015-05-22,58.88,64.7
2015-05-21,60.18,64.7
2015-05-20,58.96,63.52
2015-05-19,57.3,63.48
2015-05-18,59.44,65.15
2015-05-15,59.73,64.69
2015-05-14,59.89,65.58
2015-05-13,60.5,66.33
2015-05-12,60.72,65.09
2015-05-11,59.23,62.82
2015-05-08,59.41,63.82
2015-05-07,58.99,64.93
2015-05-06,60.93,66.22
2015-05-05,60.38,65.44
2015-05-04,58.92,64.62
2015-05-01,59.1,64.13
2015-04-30,59.62,63.9
2015-04-29,58.55,63.97
2015-04-28,57.05,62.61
2015-04-27,55.56,62.86
2015-04-24,55.98,62.96
2015-04-23,56.59,62.66
2015-04-22,56.17,60.12
2015-04-21,55.58,60.12
2015-04-20,56.37,61.2
2015-04-17,55.71,61.31
2015-04-16,56.69,60.13
2015-04-15,56.25,59.32
2015-04-14,53.3,57.69
2015-04-13,51.95,57.14
2015-04-10,51.63,56.82
2015-04-09,50.79,56.04
2015-04-08,50.44,56.42
2015-04-07,53.95,57.55
2015-04-06,52.08,55.73
2015-04-02,49.13,55.73
2015-04-01,50.12,55.73
2015-03-31,47.72,53.69
2015-03-30,48.66,53.99
2015-03-27,48.83,56.44
2015-03-26,51.41,57.02
2015-03-25,48.75,54.18
2015-03-24,47.03,53.61
2015-03-23,47.4,53.82
2015-03-20,46,53.88
2015-03-19,44.02,52.96
2015-03-18,44.63,52.59
2015-03-17,43.39,52.17
2015-03-16,43.93,52
2015-03-13,44.88,54.8
2015-03-12,47.12,56.66
2015-03-11,48.06,56.46
2015-03-10,48.42,55.95
2015-03-09,49.95,58.67
2015-03-06,49.61,59.15
2015-03-05,50.76,60.33
2015-03-04,51.53,59.18
2015-03-03,50.43,61.18
2015-03-02,49.59,60.75
2015-02-27,49.84,61.89
2015-02-26,47.65,61.39
2015-02-25,50.25,59.77
2015-02-24,48.48,60.33
2015-02-23,49.56,59.78
2015-02-20,49.95,60.99
2015-02-19,51.12,58.78
2015-02-18,52.13,60.72
2015-02-17,53.56,60.78
2015-02-16,,61.57
2015-02-13,52.66,60.33
2015-02-12,51.17,56.23
2015-02-11,48.8,53.48
2015-02-10,50.06,55.79
2015-02-09,52.99,57
2015-02-06,51.66,55.88
2015-02-05,50.48,55.98
2015-02-04,48.45,55.07
2015-02-03,53.04,54.41
2015-02-02,49.25,51.74
2015-01-30,47.79,47.52
2015-01-29,44.12,46.61
2015-01-28,44.08,47.07
2015-01-27,45.84,46.55
2015-01-26,44.8,46.07
2015-01-23,45.26,46.69
2015-01-22,45.93,46.09
2015-01-21,47.85,46.5
2015-01-20,46.79,46.49
2015-01-16,48.49,47.38
2015-01-15,46.37,47.66
2015-01-14,48.49,45.82
2015-01-13,45.92,45.13
2015-01-12,46.06,46.9
2015-01-09,48.35,47.64
2015-01-08,48.8,49.43
2015-01-07,48.69,49.06
2015-01-06,47.98,50.12
2015-01-05,50.05,51.08
2015-01-02,52.72,55.38
2014-12-31,53.45,55.27
2014-12-30,54.14,55.6
2014-12-29,53.46,57.86
2014-12-26,54.59,58.72
2014-12-24,55.7,58.67
2014-12-23,56.78,59.07
2014-12-22,55.25,58.31
2014-12-19,56.91,58.87
2014-12-18,54.18,58.81
2014-12-17,56.43,59.84
2014-12-16,55.97,60.26
2014-12-15,55.96,61.09
2014-12-12,57.81,61.67
2014-12-11,60.01,63.65
2014-12-10,60.99,63.32
2014-12-09,63.74,66.11
2014-12-08,63.13,65.64
2014-12-05,65.89,68
2014-12-04,66.73,68.48
2014-12-03,67.3,70.13
2014-12-02,66.99,71.13
2014-12-01,68.98,70.87
2014-11-28,65.94,71.89
2014-11-26,73.7,77.39
2014-11-25,74.04,77.62
2014-11-24,75.74,79.62
2014-11-21,76.52,79.2
2014-11-20,75.63,77.61
2014-11-19,74.55,77.21
2014-11-18,74.55,77.23
2014-11-17,75.64,76.86
2014-11-14,75.91,77.51
2014-11-13,74.13,77.74
2014-11-12,77.16,80.42
2014-11-11,77.85,80.94
2014-11-10,77.43,82.9
2014-11-07,78.71,83.2
2014-11-06,77.87,82.08
2014-11-05,78.71,82.88
2014-11-04,77.15,82.12
2014-11-03,78.77,84.9
2014-10-31,80.53,84.17
2014-10-30,81.06,85.5
2014-10-29,82.25,86.91
2014-10-28,81.36,85.57
2014-10-27,81.26,85.64
2014-10-24,81.27,86
2014-10-23,82.81,85.94
2014-10-22,80.52,86.38
2014-10-21,83.25,85.17
2014-10-20,82.76,84.42
2014-10-17,82.8,85.27
2014-10-16,82.33,84.02
2014-10-15,81.82,84.02
2014-10-14,81.72,86.36
2014-10-13,85.73,87.82
2014-10-10,85.87,88.66
2014-10-09,85.76,90.47
2014-10-08,87.29,90.25
2014-10-07,88.89,90.9
2014-10-06,90.33,90.65
2014-10-03,89.76,90.8
2014-09-29,94.53,95.7
2014-09-26,95.55,95.08
2014-09-25,93.59,95.2
2014-09-24,93.6,94.53
2014-09-23,91.55,94.87
2014-09-22,91.46,95.37
2014-09-19,92.43,96.75
2014-09-18,93.07,96.82
2014-09-17,94.33,97.7
2014-09-16,94.91,97.39
2014-09-15,92.86,96.43
2014-09-12,92.18,96.31
2014-09-11,92.89,96.42
2014-09-10,91.71,96.26
2014-09-09,92.73,98.08
2014-09-08,92.64,99.53
2014-09-05,93.32,99.51
2014-09-04,94.51,101.21
2014-09-03,95.5,100.88
2014-09-02,92.92,100.21
2014-08-29,97.86,101.12
2014-08-28,96.44,100.71
2014-08-27,95.82,100.4
2014-08-26,95.78,100.5
2014-08-25,95.39,100.49
2014-08-22,93.61,100.09
2014-08-21,93.97,100.28
2014-08-20,96.4,99.92
2014-08-19,94.35,99.74
2014-08-18,96.44,99.37
2014-08-15,97.3,101.13
2014-08-14,95.54,101.15
2014-08-13,97.57,102.27
2014-08-12,97.36,101.68
2014-08-11,98.09,103.47
2014-08-08,97.61,103.36
2014-08-07,97.34,104.02
2014-08-06,96.93,104.17
2014-08-05,97.34,102.82
2014-08-04,98.26,103.63
2014-08-01,97.86,103.45
2014-07-31,98.23,104.94
2014-07-30,104.29,106.47
2014-07-29,104.91,106.98
2014-07-28,105.68,106.7
2014-07-25,105.23,106.89
2014-07-24,102.76,105.78
2014-07-23,103.81,106.85
2014-07-22,104.59,106.48
2014-07-21,105.34,105.71
2014-07-18,103.83,106.03
2014-07-17,103.84,106.04
2014-07-16,101.88,105.41
2014-07-15,100.56,104.73
2014-07-14,101.73,104.73
2014-07-11,101.48,105.77
2014-07-10,103.61,106.2
2014-07-09,102.93,106.84
2014-07-08,104.06,107.65
2014-07-07,104.19,108.7
2014-07-03,104.76,108.98
2014-07-02,105.18,110.18
2014-07-01,106.06,110.84
2014-06-30,106.07,111.03
2014-06-27,106.46,112.62
2014-06-26,106.49,112.61
2014-06-25,107.04,112.84
2014-06-24,106.64,113.74
2014-06-23,106.83,113.62
2014-06-20,107.95,114.55
2014-06-19,107.08,115.19
2014-06-18,106.64,114.25
2014-06-17,106.95,114.02
2014-06-16,107.52,113.42
2014-06-13,107.49,113.15
2014-06-12,107.2,112.18
2014-06-11,105.04,109.83
2014-06-10,105.02,109.18
2014-06-09,105.09,110.55
2014-06-06,103.32,109.21
2014-06-05,103.17,108.43
2014-06-04,103.27,109.07
2014-06-03,103.34,108.87
2014-06-02,103.07,109.34
2014-05-30,103.4,109.21
2014-05-29,104.26,109.98
2014-05-28,103.37,109.09
2014-05-27,104.78,109.81
2014-05-26,,110.01
2014-05-23,105.01,110.19
2014-05-22,104.03,110.89
2014-05-21,104.31,111.32
2014-05-20,102.8,110.35
2014-05-19,102.95,110.84
2014-05-16,102.31,110.9
2014-05-15,101.74,109.74
2014-05-14,102.63,109.87
2014-05-13,102.01,108.78
2014-05-12,100.89,108.37
2014-05-09,100.32,108.26
2014-05-08,100.52,108.19
2014-05-07,101.06,108.17
2014-05-06,99.81,108.3
2014-05-05,99.74,109.48
2014-05-02,100.09,109.48
2014-05-01,99.69,108.63
2014-04-30,100.07,108.63
2014-04-29,101.56,109.89
2014-04-28,101.13,109.12
2014-04-25,100.85,109.53
2014-04-24,102.2,109.79
2014-04-23,101.47,108.48
2014-04-22,101.69,108.54
2014-04-21,104.35,109.69
2014-04-17,104.33,109.79
2014-04-16,103.71,109.71
2014-04-15,103.7,109.1
2014-04-14,104.05,107.68
2014-04-11,103.68,107.34
2014-04-10,103.37,107.1
2014-04-09,103.55,107.39
2014-04-08,102.57,105.83
2014-04-07,100.43,104.89
2014-04-04,101.16,106.41
2014-04-03,100.29,104.88
2014-04-02,99.6,103.37
2014-04-01,99.69,105.7
2014-03-31,101.57,105.95
2014-03-28,101.73,106.64
2014-03-27,101.25,106.58
2014-03-26,100.61,105.9
2014-03-25,99.66,107.01
2014-03-24,100.05,106.59
2014-03-21,99.97,107.2
2014-03-20,99.68,105.73
2014-03-19,100.71,105.95
2014-03-18,100.08,106.79
2014-03-17,98.43,106.99
2014-03-14,99.23,108.08
2014-03-13,98.57,107.48
2014-03-12,98.29,107.88
2014-03-11,100.29,108.35
2014-03-10,101.39,108.27
2014-03-07,102.82,109.14
2014-03-06,101.82,107.99
2014-03-05,101.75,108.15
2014-03-04,103.64,109.17
2014-03-03,105.34,111.26
2014-02-28,102.88,108.98
2014-02-27,102.68,108.54
2014-02-26,102.93,109.39
2014-02-25,102.2,109.19
2014-02-24,103.17,109.76
2014-02-21,102.53,109.03
2014-02-20,103.2,109.42
2014-02-19,103.46,110.37
2014-02-18,102.54,110.14
2014-02-14,100.31,108.63
2014-02-13,100.27,108.98
2014-02-12,100.38,108.62
2014-02-11,99.96,109.21
2014-02-10,100.12,110.18
2014-02-07,99.98,110.12
2014-02-06,97.84,108.15
2014-02-05,97.4,106.81
2014-02-04,97.24,107.04
2014-02-03,96.44,106.55
2014-01-31,97.55,108.16
2014-01-30,98.25,109.36
2014-01-29,97.34,108.83
2014-01-28,97.49,109.1
2014-01-27,95.82,108.72
2014-01-24,96.66,109.14
2014-01-23,97.23,109.69
2014-01-22,96.35,109.69
2014-01-21,94.51,109.17
2014-01-20,,108.01
2014-01-17,93.96,108.45
2014-01-16,93.54,107.46
2014-01-15,93.78,108.09
2014-01-14,92.15,107.12
2014-01-13,91.45,108.02
2014-01-10,92.39,106.44
2014-01-09,91.36,107.49
2014-01-08,91.9,107.42
2014-01-07,93.31,107.01
2014-01-06,93.12,106.71
2014-01-03,93.66,106.57
2014-01-02,95.14,107.94
2013-12-31,98.17,109.95
2013-12-30,98.9,110.47
2013-12-27,99.94,112.06
2013-12-26,99.18,111.65
2013-12-24,98.87,111.57
2013-12-23,98.62,111.58
2013-12-20,99.11,112.15
2013-12-19,98.4,110.78
2013-12-18,97.59,109.56
2013-12-17,96.99,108.91
2013-12-16,97.18,110.3
2013-12-13,96.27,108.08
2013-12-12,97.21,108.99
2013-12-11,97.25,109.47
2013-12-10,98.32,108.91
2013-12-09,97.1,110.07
2013-12-06,97.48,111.5
2013-12-05,97.14,112.07
2013-12-04,96.97,113.27
2013-12-03,95.83,113.06
2013-12-02,93.61,111.49
2013-11-29,92.55,111.07
2013-11-27,92.05,111.32
2013-11-26,93.41,112.04
2013-11-25,93.86,110.83
2013-11-22,94.53,111.36
2013-11-21,95.35,109.9
2013-11-20,93.34,108.27
2013-11-19,93.35,108.29
2013-11-18,93.03,108.8
2013-11-15,93.8,108.25
2013-11-14,93.76,108.29
2013-11-13,93.91,106.9
2013-11-12,93.12,106.29
2013-11-11,95.13,105.76
2013-11-08,94.56,104.29
2013-11-07,94.25,103.08
2013-11-06,94.74,105.46
2013-11-05,93.4,105.01
2013-11-04,94.58,104.85
2013-11-01,94.56,105.78
2013-10-31,96.29,107.53
2013-10-30,96.81,108.41
2013-10-29,98.29,108.04
2013-10-28,98.74,108.29
2013-10-25,97.4,105.7
2013-10-24,96.65,106.63
2013-10-23,96.9,107.74
2013-10-22,97.63,109.57
2013-10-21,99.28,109.47
2013-10-18,100.87,109.4
2013-10-17,100.72,109.55
2013-10-16,102.34,110.79
2013-10-15,101.15,110.67
2013-10-14,102.46,110.13
2013-10-11,102.17,110.65
2013-10-10,103.08,111.63
2013-10-09,101.63,109.02
2013-10-08,103.54,110.56
2013-10-07,103.07,109.66
2013-10-04,103.83,109.42
2013-10-03,103.29,109.49
2013-10-02,104.15,109.09
2013-10-01,102.09,107.32
2013-09-30,102.36,107.85
2013-09-27,102.86,109.45
2013-09-26,103.1,108.86
2013-09-25,102.68,109.46
2013-09-24,103.22,107.68
2013-09-23,103.62,108.56
2013-09-20,104.7,110.22
2013-09-19,106.26,110.66
2013-09-18,108.23,109.09
2013-09-17,105.36,109.05
2013-09-16,106.54,110.86
2013-09-13,108.31,113.31
2013-09-12,108.72,113.11
2013-09-11,107.65,112.37
2013-09-10,107.48,112.1
2013-09-09,109.62,115.2
2013-09-06,110.62,117.15
2013-09-05,108.5,115.81
2013-09-04,107.29,115.65
2013-09-03,108.67,115.49
2013-08-30,107.98,115.97
2013-08-29,108.51,116.91
2013-08-28,110.17,116.27
2013-08-27,109.11,115.21
2013-08-26,105.88,112.23
2013-08-23,106.48,112.12
2013-08-22,104.93,110.51
2013-08-21,103.93,110.82
2013-08-20,104.9,110.74
2013-08-19,107.14,111.41
2013-08-16,107.58,111.82
2013-08-15,107.43,111.58
2013-08-14,106.89,110.26
2013-08-13,106.78,110.69
2013-08-12,106.19,109.28
2013-08-09,106.04,108.49
2013-08-08,103.45,107.32
2013-08-07,104.41,108.39
2013-08-06,105.32,108.77
2013-08-05,106.61,109.81
2013-08-02,106.94,109.63
2013-08-01,107.93,109.94
2013-07-31,105.1,107.89
2013-07-30,103.14,107.47
2013-07-29,104.61,108.1
2013-07-26,104.76,107.57
2013-07-25,105.47,108.1
2013-07-24,105.41,108.23
2013-07-23,107.13,109.27
2013-07-22,106.61,108.82
2013-07-19,108,109.34
2013-07-18,107.94,109.71
2013-07-17,106.39,109.67
2013-07-16,105.88,109.29
2013-07-15,106.2,109.05
2013-07-12,105.85,109.03
2013-07-11,104.77,108.18
2013-07-10,106.41,108.43
2013-07-09,103.46,107.9
2013-07-08,103.03,107.75
2013-07-05,103.09,107.46
2013-07-03,101.92,106.12
2013-07-02,99.65,103.96
2013-07-01,97.94,103.19
2013-06-28,96.36,102.49
2013-06-27,97,102.74
2013-06-26,95.47,100.62
2013-06-25,95.25,101.51
2013-06-24,95.07,99.8
2013-06-21,93.81,100.36
2013-06-20,94.89,102.72
2013-06-19,98.24,105.56
2013-06-18,98.46,105.21
2013-06-17,97.86,105.8
2013-06-14,97.83,105.1
2013-06-13,96.66,103.38
2013-06-12,95.98,103.11
2013-06-11,95.5,101.5
2013-06-10,95.82,103.87
2013-06-07,96.11,104.07
2013-06-06,94.71,103.37
2013-06-05,93.66,103.51
2013-06-04,93.36,102.04
2013-06-03,93.41,101.63
2013-05-31,91.93,100.43
2013-05-30,93.57,101.79
2013-05-29,93.13,102.14
2013-05-28,94.65,103.77
2013-05-24,93.84,101.24
2013-05-23,94.12,100.46
2013-05-22,93.98,102.14
2013-05-21,95.55,103.1
2013-05-20,96.29,104.55
2013-05-17,95.72,103.83
2013-05-16,94.85,104.27
2013-05-15,93.95,101.57
2013-05-14,93.96,102.7
2013-05-13,94.76,102.17
2013-05-10,95.81,101.31
2013-05-09,96.09,103.59
2013-05-08,96.24,103.79
2013-05-07,95.28,105.18
2013-05-06,95.8,105
2013-05-03,95.25,104.6
2013-05-02,93.7,100.32
2013-05-01,90.74,98.34
2013-04-30,93.22,101.53
2013-04-29,94.09,102.88
2013-04-26,92.63,102.39
2013-04-25,93.27,101.62
2013-04-24,91.07,100.71
2013-04-23,89.21,99.25
2013-04-22,88.81,99.07
2013-04-19,88.04,98.94
2013-04-18,87.83,97.48
2013-04-17,86.65,96.84
2013-04-16,88.73,97.88
2013-04-15,88.75,99.32
2013-04-12,91.23,100.58
2013-04-11,93.44,103.62
2013-04-10,94.59,104.8
2013-04-09,94.18,104.08
2013-04-08,93.36,103.16
2013-04-05,92.76,103.98
2013-04-04,93.26,105.09
2013-04-03,95.02,107.82
2013-04-02,97.23,109.66
2013-04-01,97.1,108.76
2013-03-28,97.24,108.46
2013-03-27,96.53,108.51
2013-03-26,95.99,107.1
2013-03-25,94.55,106.66
2013-03-22,93.41,106.51
2013-03-21,92.46,106.41
2013-03-20,93.21,108.27
2013-03-19,92.44,106.91
2013-03-18,93.71,108.54
2013-03-15,93.49,109.32
2013-03-14,93.03,108.1
2013-03-13,92.47,107.51
2013-03-12,92.44,108.48
2013-03-11,92.07,108.64
2013-03-08,92.01,108.91
2013-03-07,91.53,110.42
2013-03-06,90.47,110.27
2013-03-05,90.88,110.42
2013-03-04,90.13,109.9
2013-03-01,90.71,110.14
2013-02-28,92.03,112.2
2013-02-27,92.84,112.24
2013-02-26,92.63,112.96
2013-02-25,92.74,114.55
2013-02-22,93.12,113.74
2013-02-21,92.79,114.19
2013-02-20,94.92,116.23
2013-02-19,96.69,117.04
2013-02-15,95.95,117.4
2013-02-14,97.3,118.48
2013-02-13,97.03,118.43
2013-02-12,97.48,117.89
2013-02-11,97.01,118.29
2013-02-08,95.71,118.9
2013-02-07,95.84,117.17
2013-02-06,96.44,116.61
2013-02-05,96.68,117.03
2013-02-04,96.21,116.06
2013-02-01,97.46,115.55
2013-01-31,97.65,115.55
2013-01-30,97.98,115.42
2013-01-29,97.62,115.22
2013-01-28,95.95,113.92
2013-01-25,95.15,113.88
2013-01-24,95.35,114.59
2013-01-23,95.06,113.68
2013-01-22,96.09,112.72
2013-01-18,95.61,111.71
2013-01-17,95.49,111.01
2013-01-16,94.28,110.97
2013-01-15,93.26,111.72
2013-01-14,94.27,111.32
2013-01-11,93.6,110.3
2013-01-10,93.81,112.97
2013-01-09,93.08,113.07
2013-01-08,93.21,113.03
2013-01-07,93.2,112.49
2013-01-04,93.12,112.58
2013-01-03,92.97,113.03
2013-01-02,93.14,112.98
2012-12-31,91.83,110.8
2012-12-28,90.66,110.05
2012-12-27,90.91,110.04
2012-12-26,90.71,110.72
2012-12-24,88.29,108.44
2012-12-21,88.2,109.13
2012-12-20,89.76,110.57
2012-12-19,89.09,109.95
2012-12-18,87.46,109.96
2012-12-17,86.71,109.35
2012-12-14,86.32,109.28
2012-12-13,85.39,110.18
2012-12-12,86.35,110.17
2012-12-11,85.36,107.6
2012-12-10,85.14,108.25
2012-12-07,85.45,107.16
2012-12-06,85.47,108.01
2012-12-05,87.36,108.96
2012-12-04,88.04,109.99
2012-12-03,88.69,111.27
2012-11-30,88.54,110.84
2012-11-29,87.64,110.47
2012-11-28,86.1,108.26
2012-11-27,86.81,109.33
2012-11-26,87.28,110.18
2012-11-23,87.01,110.14
2012-11-21,87.08,110.81
2012-11-20,86.46,110.01
2012-11-19,89.05,110.06
2012-11-16,86.62,106.81
2012-11-15,85.45,110.07
2012-11-14,86.32,109.66
2012-11-13,85.38,108.82
2012-11-12,85.56,110.23
2012-11-09,86.08,108.61
2012-11-08,85.07,107.23
2012-11-07,84.5,108.21
2012-11-06,88.62,109.27
2012-11-05,85.64,105.59
2012-11-02,84.9,106.79
2012-11-01,87.05,108.84
2012-10-31,86.23,109.89
2012-10-30,85.65,109.4
2012-10-29,85.52,109.33
2012-10-26,85.84,108.9
2012-10-25,85.59,107.64
2012-10-24,85.39,107.66
2012-10-23,86.65,107.53
2012-10-22,88.3,109.62
2012-10-19,90,111.89
2012-10-18,92,112.58
2012-10-17,92.04,113.49
2012-10-16,92.07,115
2012-10-15,91.84,115
2012-10-12,91.83,115.17
2012-10-11,92.19,116.18
2012-10-10,91.24,116.11
2012-10-09,92.42,114.32
2012-10-08,89.43,112.6
2012-10-05,89.87,112.17
2012-10-04,91.69,110.48
2012-10-03,88.19,109.32
2012-10-02,91.88,112.49
2012-10-01,92.44,112.58
2012-09-28,92.18,111.36
2012-09-27,91.89,111.45
2012-09-26,89.92,108.99
2012-09-25,91.07,110.77
2012-09-24,91.68,109.2
2012-09-21,92.64,111.27
2012-09-20,92.14,109.41
2012-09-19,91.97,108.49
2012-09-18,95.25,113.29
2012-09-17,96.51,116.7
2012-09-14,98.94,117.48
2012-09-13,98.3,116
2012-09-12,97.02,114.86
2012-09-11,97.03,114.86
2012-09-10,96.52,113.84
2012-09-07,96.41,113.64
2012-09-06,95.58,114.5
2012-09-05,95.37,113.32
2012-09-04,95.34,114.98
2012-08-31,96.47,113.93
2012-08-30,94.61,112.28
2012-08-29,95.5,112.53
2012-08-28,96.3,112.62
2012-08-27,95.54,113.74
2012-08-24,95.78,115.76
2012-08-23,95.87,117.45
2012-08-22,96.89,115.77
2012-08-21,96.55,116.03
2012-08-20,96.03,115.5
2012-08-17,96,115.2
2012-08-16,95.66,116.12
2012-08-15,94.35,115.51
2012-08-14,93.4,113.9
2012-08-13,92.76,114.48
2012-08-10,92.94,113.13
2012-08-09,93.39,113.52
2012-08-08,93.39,113.42
2012-08-07,93.68,112.39
2012-08-06,92.3,110.01
2012-08-03,91.4,109.57
2012-08-02,87.22,107.55
2012-08-01,88.99,106.78
2012-07-31,88.08,105.93
2012-07-30,89.8,106.54
2012-07-27,90.13,106.3
2012-07-26,89.4,104.77
2012-07-25,88.8,102.35
2012-07-24,88.28,103.57
2012-07-23,87.77,103.91
2012-07-20,91.56,106.98
2012-07-19,92.78,107.79
2012-07-18,89.88,105.92
2012-07-17,89.07,104.21
2012-07-16,88.41,102.1
2012-07-13,87.15,101.91
2012-07-12,86.02,99.18
2012-07-11,85.88,99.23
2012-07-10,83.92,99.15
2012-07-09,85.93,99.94
2012-07-06,84.37,98.5
2012-07-05,87.11,101.54
2012-07-03,87.74,99.89
2012-07-02,83.72,95.28
2012-06-29,85.04,94.17
2012-06-28,77.72,91.02
2012-06-27,80.27,92.06
2012-06-26,79.34,90.19
2012-06-25,78.76,88.69
2012-06-22,79.33,89.22
2012-06-21,77.91,89.22
2012-06-20,81.06,93.5
2012-06-19,83.99,95.14
2012-06-18,83.26,95.21
2012-06-15,84.03,97.13
2012-06-14,83.83,96.46
2012-06-13,82.56,97.29
2012-06-12,83.35,96.59
2012-06-11,82.58,98.6
2012-06-08,84.08,97.57
2012-06-07,84.78,100.05
2012-06-06,85.05,101.14
2012-06-05,84.31,98.65
2012-06-04,83.95,97.74
2012-06-01,83.17,98.63
2012-05-31,86.52,103.86
2012-05-30,87.79,103.85
2012-05-29,90.75,107.55
2012-05-25,90.64,107.86
2012-05-24,90.36,107.2
2012-05-23,89.4,106.88
2012-05-22,91.44,109.76
2012-05-21,92.57,109.02
2012-05-18,91.51,108.03
2012-05-17,92.53,109.31
2012-05-16,92.78,109.8
2012-05-15,93.97,111.4
2012-05-14,94.75,110.79
2012-05-11,96.03,112.5
2012-05-10,97.1,112.24
2012-05-09,96.8,111.89
2012-05-08,97.13,110.48
2012-05-07,97.86,
2012-05-04,98.49,111.66
2012-05-03,102.56,115.91
2012-05-02,105.25,117.57
2012-05-01,106.17,119.57
2012-04-30,104.89,118.66
2012-04-27,104.86,119.3
2012-04-26,104.56,119.33
2012-04-25,103.72,117.45
2012-04-24,103.1,117.74
2012-04-23,102.68,116.66
2012-04-20,103.58,118.08
2012-04-19,102.38,117
2012-04-18,102.65,115.18
2012-04-17,104.23,117.41
2012-04-16,102.92,118.23
2012-04-13,102.84,120.62
2012-04-12,103.69,120.57
2012-04-11,102.66,120.41
2012-04-10,101.12,121.89
2012-04-09,102.45,
2012-04-05,103.29,123.58
2012-04-04,101.53,123.04
2012-04-03,104.02,125.66
2012-04-02,105.25,124.44
2012-03-30,103.03,123.41
2012-03-29,102.79,123.23
2012-03-28,105.4,124.41
2012-03-27,107.32,125.25
2012-03-26,107.07,125.85
2012-03-23,106.43,125.21
2012-03-22,104.98,122.49
2012-03-21,106.87,123.89
2012-03-20,105.68,124.38
2012-03-19,108.09,125.76
2012-03-16,107.03,125.09
2012-03-15,105.19,123.63
2012-03-14,105.49,126.98
2012-03-13,106.7,128.14
2012-03-12,106.34,127.27
2012-03-09,107.4,128.08
2012-03-08,106.65,127.96
2012-03-07,106.16,125.37
2012-03-06,104.71,125.03
2012-03-05,106.7,126.68
2012-03-02,106.68,125.93
2012-03-01,108.76,125.76
2012-02-29,107.08,122.23
2012-02-28,106.59,124.02
2012-02-27,108.49,126.46
2012-02-24,109.39,124.89
2012-02-23,107.44,124.53
2012-02-22,105.99,123.07
2012-02-21,105.88,120.85
2012-02-17,103.27,120.69
2012-02-16,102.33,121
2012-02-15,101.82,120.25
2012-02-14,100.82,118.3
2012-02-13,100.39,118.73
2012-02-10,98.68,118.13
2012-02-09,99.88,118.4
2012-02-08,98.8,117.18
2012-02-07,98.55,116.86
2012-02-06,96.89,115.47
2012-02-03,97.8,112.56
2012-02-02,96.36,110.96
2012-02-01,97.63,111.96
2012-01-31,98.46,110.26
2012-01-30,98.75,110.24
2012-01-27,99.47,110.5
2012-01-26,99.76,109.08
2012-01-25,99.23,108.48
2012-01-24,98.84,108.38
2012-01-23,99.47,109.46
2012-01-20,98.15,108.5
2012-01-19,100.32,109.54
2012-01-18,100.61,109.81
2012-01-17,100.7,110.55
2012-01-13,98.69,109.88
2012-01-12,99.03,112.97
2012-01-11,100.89,111.66
2012-01-10,102.24,113.3
2012-01-09,101.31,111.07
2012-01-06,101.56,111.96
2012-01-05,101.81,113.59
2012-01-04,103.22,113.37
2012-01-03,102.96,111.12
2011-12-30,98.83,108.09
2011-12-29,99.68,106.89
2011-12-28,99.44,107.54
2011-12-27,101.29,
2011-12-23,99.72,109.28
2011-12-22,99.42,108.98
2011-12-21,98.54,108
2011-12-20,97.16,107.8
2011-12-19,93.86,104.55
2011-12-16,93.55,104
2011-12-15,93.84,104.52
2011-12-14,94.92,105.72
2011-12-13,100.24,109.25
2011-12-12,97.77,107.82
2011-12-09,99.4,107.91
2011-12-08,98.35,108.23
2011-12-07,100.45,110.07
2011-12-06,101.25,110.16
2011-12-05,100.94,110.18
2011-12-02,100.97,109.59
2011-12-01,100.2,108.83
2011-11-30,100.36,111.22
2011-11-29,99.79,111.25
2011-11-28,98.21,109.38
2011-11-25,96.91,106.08
2011-11-23,96.16,106.83
2011-11-22,97.76,107.77
2011-11-21,96.73,105.98
2011-11-18,97.67,107.82
2011-11-17,98.82,109.25
2011-11-16,102.59,111.91
2011-11-15,99.37,111.9
2011-11-14,98.14,112.57
2011-11-11,98.99,114.43
2011-11-10,97.78,113.32
2011-11-09,95.74,115.29
2011-11-08,96.8,115.61
2011-11-07,95.52,114.75
2011-11-04,94.26,112.22
2011-11-03,94.07,110.76
2011-11-02,92.51,110.82
2011-11-01,92.19,106.97
2011-10-31,93.19,108.43
2011-10-28,93.32,110.01
2011-10-27,93.96,112.45
2011-10-26,90.2,110.43
2011-10-25,92.98,112.11
2011-10-24,91.12,111.67
2011-10-21,87.19,111.6
2011-10-20,86.07,109
2011-10-19,86.11,111.76
2011-10-18,88.34,112.08
2011-10-17,86.38,112.92
2011-10-14,86.8,114.33
2011-10-13,83.96,112.45
2011-10-12,85.3,112.44
2011-10-11,85.54,109.22
2011-10-10,85.14,109.49
2011-10-07,82.7,106.56
2011-10-06,82.32,104.38
2011-10-05,79.41,103.77
2011-10-04,75.4,101.84
2011-10-03,77.34,103.61
2011-09-30,78.93,105.42
2011-09-29,81.87,107.08
2011-09-28,80.94,108.52
2011-09-27,84.18,109.54
2011-09-26,79.97,107.9
2011-09-23,79.58,109.17
2011-09-22,80.29,109.21
2011-09-21,85.77,114.26
2011-09-20,86.92,114.39
2011-09-19,85.7,112.89
2011-09-16,87.96,116.26
2011-09-15,89.4,116.71
2011-09-14,88.91,113.1
2011-09-13,90.21,114.08
2011-09-12,88.19,114.75
2011-09-09,87.24,115.1
2011-09-08,89.05,117.99
2011-09-07,89.34,117.5
2011-09-06,85.99,113.29
2011-09-02,86.45,115.92
2011-09-01,88.93,116.43
2011-08-31,88.81,116.48
2011-08-30,88.9,115.59
2011-08-29,87.27,
2011-08-26,85.37,112.29
2011-08-25,85.15,111.91
2011-08-24,84.99,111.91
2011-08-23,85.35,110.35
2011-08-22,84.42,108.83
2011-08-19,82.33,109.37
2011-08-18,82.38,108.36
2011-08-17,87.58,111.37
2011-08-16,86.65,109.69
2011-08-15,87.88,108.89
2011-08-12,85.19,108.17
2011-08-11,85.48,107.82
2011-08-10,83.05,103.84
2011-08-09,79.32,103.63
2011-08-08,81.27,103.06
2011-08-05,86.89,106.92
2011-08-04,86.75,110.22
2011-08-03,91.87,113.74
2011-08-02,93.78,116.02
2011-08-01,94.98,116.37
2011-07-29,95.68,115.93
2011-07-28,97.48,118.16
2011-07-27,97.4,117.99
2011-07-26,99.61,118.14
2011-07-25,98.97,118.27
2011-07-22,99.53,118.99
2011-07-21,98.96,118.25
2011-07-20,98.11,118.52
2011-07-19,97.49,118.18
2011-07-18,95.94,117.05
2011-07-15,97.24,118.06
2011-07-14,95.75,117.38
2011-07-13,98.04,118.46
2011-07-12,97.41,117.36
2011-07-11,95.16,117.35
2011-07-08,96.2,117.4
2011-07-07,98.7,117.4
2011-07-06,96.67,113.55
2011-07-05,96.92,113.21
2011-07-01,94.81,109.82
2011-06-30,95.3,111.71
2011-06-29,94.85,111.49
2011-06-28,92.9,107.57
2011-06-27,90.65,104.57
2011-06-24,90.89,104.79
2011-06-23,90.7,108.27
2011-06-22,94.96,113.59
2011-06-21,93.7,112.02
2011-06-20,93.23,112.21
2011-06-17,93.02,113.74
2011-06-16,94.95,114.69
2011-06-15,94.83,114.67
2011-06-14,99.37,120.35
2011-06-13,97.2,120.49
2011-06-10,99.3,118.71
2011-06-09,101.95,119.95
2011-06-08,100.77,118.43
2011-06-07,99.18,116.14
2011-06-06,99.07,115.4
2011-06-03,100.28,115.09
2011-06-02,100.41,114.3
2011-06-01,100.3,116.15
2011-05-31,102.7,117.18
2011-05-27,100.58,114.85
2011-05-26,100.18,115.06
2011-05-25,100.78,114.47
2011-05-24,99.13,112.52
2011-05-23,97.06,110.13
2011-05-20,99.15,111.25
2011-05-19,97.99,113.2
2011-05-18,99.52,112.54
2011-05-17,96.4,109.39
2011-05-16,96.91,113.72
2011-05-13,99.21,113.08
2011-05-12,98.53,112.87
2011-05-11,97.88,115.66
2011-05-10,103.39,117.82
2011-05-09,100.32,113.21
2011-05-06,96.87,113.69
2011-05-05,99.89,111.93
2011-05-04,108.79,121.55
2011-05-03,110.6,124.01
2011-05-02,113.03,126.64
2011-04-29,113.39,
2011-04-28,112.38,126.59
2011-04-27,112.31,124.94
2011-04-26,111.72,124.55
2011-04-25,111.68,
2011-04-21,111.72,123.64
2011-04-20,110.84,124.26
2011-04-19,107.18,121.35
2011-04-18,106.7,121.69
2011-04-15,109.17,124.63
2011-04-14,107.73,122.74
2011-04-13,106.6,122.7
2011-04-12,105.75,121.33
2011-04-11,109.5,126.46
2011-04-08,112.27,126.3
2011-04-07,109.82,122.9
2011-04-06,108.38,123.01
2011-04-05,107.82,122.87
2011-04-04,108.14,120.07
2011-04-01,107.55,118.63
2011-03-31,106.19,116.94
2011-03-30,103.8,115.35
2011-03-29,104.34,115.58
2011-03-28,103.54,115.95
2011-03-25,104.89,115.45
2011-03-24,105.04,115.41
2011-03-23,105.21,115.65
2011-03-22,104.53,115.63
2011-03-21,102.36,114.92
2011-03-18,101.06,114.13
2011-03-17,101.47,114.18
2011-03-16,97.99,110.96
2011-03-15,97.23,111.11
2011-03-14,101.2,112.95
2011-03-11,101.14,114.07
2011-03-10,102.73,114.07
2011-03-09,104.39,115.19
2011-03-08,105.06,112.32
2011-03-07,105.37,116.58
2011-03-04,104.34,115.71
2011-03-03,101.92,114.42
2011-03-02,102.27,116.89
2011-03-01,99.63,113.34
2011-02-28,97.1,112.27
2011-02-25,96.52,111.47
2011-02-24,95.83,113.91
2011-02-23,96.04,109.77
2011-02-22,92.65,106.82
2011-02-18,85.03,102.2
2011-02-17,85.05,103.45
2011-02-16,83.8,102.78
2011-02-15,83.13,102.48
2011-02-14,83.66,103.12
2011-02-11,84.39,99.93
2011-02-10,85.44,100.74
2011-02-09,85.59,100.16
2011-02-08,85.85,99.25
2011-02-07,86.3,99.44
2011-02-04,87.87,99.43
2011-02-03,89.42,101.69
2011-02-02,89.78,101.3
2011-02-01,89.54,100.4
2011-01-31,90.99,98.97
2011-01-28,88.15,97.06
2011-01-27,84.45,96.48
2011-01-26,86.15,96.04
2011-01-25,85.08,96.76
2011-01-24,86.74,96.76
2011-01-21,88.22,96.84
2011-01-20,88.56,96.27
2011-01-19,90.85,98.42
2011-01-18,91.38,97.83
2011-01-14,91.53,97.86
2011-01-13,91.39,97.86
2011-01-12,91.85,97.86
2011-01-11,91.11,96.8
2011-01-10,89.24,95.05
2011-01-07,88.07,94.25
2011-01-06,88.37,94.95
2011-01-05,90.3,95.07
2011-01-04,89.39,93.52
2011-01-03,91.59,95.82
2010-12-31,91.38,93.23
2010-12-30,89.85,92.5
2010-12-29,91.13,93.52
2010-12-28,91.48,93.52
2010-12-27,90.99,93.08
2010-12-23,90.84,93.63
2010-12-22,89.83,93.55
2010-12-21,89.3,93.11
2010-12-20,88.68,91.31
2010-12-17,88.02,91.11
2010-12-16,87.71,91.09
2010-12-15,88.66,91.33
2010-12-14,88.33,90.63
2010-12-13,88.62,90.4
2010-12-10,87.81,89.54
2010-12-09,88.35,89.93
2010-12-08,88.3,89.74
2010-12-07,88.69,90.78
2010-12-06,89.33,91.25
2010-12-03,89.18,90.65
2010-12-02,87.98,89.37
2010-12-01,86.75,88.56
2010-11-30,84.12,86.02
2010-11-29,85.73,85.9
2010-11-26,83.87,84.78
2010-11-24,83.21,84.53
2010-11-23,80.79,82.37
2010-11-22,81.24,82.34
2010-11-19,81.65,83.17
2010-11-18,81.88,83.7
2010-11-17,80.43,83.36
2010-11-16,82.33,83.98
2010-11-15,84.88,85.49
2010-11-12,84.89,86.07
2010-11-11,87.77,88.08
2010-11-10,87.77,87.92
2010-11-09,87.04,87.93
2010-11-08,87.07,87.15
2010-11-05,86.85,87.05
2010-11-04,86.49,86.83
2010-11-03,84.45,85.33
2010-11-02,83.91,84.71
2010-11-01,82.94,84.06
2010-10-29,81.45,82.47
2010-10-28,82.2,82.97
2010-10-27,81.9,81.27
2010-10-26,82.6,82.62
2010-10-25,82,81.91
2010-10-22,81.15,80.75
2010-10-21,80.03,81.28
2010-10-20,81.93,81.68
2010-10-19,79.57,81.12
2010-10-18,83.06,82.3
2010-10-15,81.23,81.94
2010-10-14,82.71,83.55
2010-10-13,83.03,84.01
2010-10-12,81.67,82.99
2010-10-11,82.18,83.08
2010-10-08,82.66,83.88
2010-10-07,81.34,83.67
2010-10-06,83.21,85.01
2010-10-05,82.83,83.35
2010-10-04,81.43,83.42
2010-10-01,81.57,82.69
2010-09-30,79.95,80.77
2010-09-29,77.85,78.79
2010-09-28,76.15,79.14
2010-09-27,76.51,77.71
2010-09-24,74.63,78.73
2010-09-23,73.4,77.69
2010-09-22,72.98,77.29
2010-09-21,72.96,78.76
2010-09-20,74.81,79.42
2010-09-17,73.63,77.43
2010-09-16,74.58,78.89
2010-09-15,75.92,78.46
2010-09-14,76.78,78.89
2010-09-13,77.17,78.52
2010-09-10,76.4,77.54
2010-09-09,74.25,77.87
2010-09-08,74.65,77.48
2010-09-07,73.98,75.78
2010-09-03,74.52,75.03
2010-09-02,74.99,74.93
2010-09-01,73.97,75.53
2010-08-31,71.93,75.51
2010-08-30,74.69,76.05
2010-08-27,75.17,75.16
2010-08-26,73.36,74.5
2010-08-25,72.07,70.74
2010-08-24,71.24,70.61
2010-08-23,72.71,73.08
2010-08-20,73.45,73.48
2010-08-19,74.45,74.84
2010-08-18,75.39,75.1
2010-08-17,75.76,76.74
2010-08-16,75.17,74.56
2010-08-13,75.39,75.14
2010-08-12,75.68,76.63
2010-08-11,78.09,77.83
2010-08-10,80.24,79.89
2010-08-09,81.46,81.54
2010-08-06,80.67,81.28
2010-08-05,82,82.9
2010-08-04,82.49,83.76
2010-08-03,82.52,83.6
2010-08-02,81.25,81.93
2010-07-30,78.85,77.5
2010-07-29,78.3,78.6
2010-07-28,77.06,76.66
2010-07-27,77.46,75.52
2010-07-26,78.93,77.9
2010-07-23,78.68,77.27
2010-07-22,79.01,77.59
2010-07-21,76.27,75.75
2010-07-20,77.32,76.31
2010-07-19,76.53,76.29
2010-07-16,75.96,75.55
2010-07-15,76.67,75.52
2010-07-14,77.02,76.63
2010-07-13,77.16,76.45
2010-07-12,74.93,74.35
2010-07-09,76.08,75.2
2010-07-08,75.46,74.56
2010-07-07,74.05,72.97
2010-07-06,71.96,73.08
2010-07-02,72.06,71.75
2010-07-01,72.95,71.73
2010-06-30,75.59,74.94
2010-06-29,75.93,74.21
2010-06-28,78.26,76.66
2010-06-25,78.45,76.21
2010-06-24,75.96,75.17
2010-06-23,75.9,75.22
2010-06-22,77.15,78.08
2010-06-21,77.84,78.53
2010-06-18,77.18,77.05
2010-06-17,76.82,77.52
2010-06-16,77.67,76.12
2010-06-15,76.84,75.29
2010-06-14,74.99,75.11
2010-06-11,73.89,73.28
2010-06-10,75.48,74.33
2010-06-09,74.38,73.68
2010-06-08,71.88,71.43
2010-06-07,71.55,71.09
2010-06-04,71.43,71.84
2010-06-03,74.62,73.12
2010-06-02,72.88,72.78
2010-06-01,72.7,73.08
2010-05-28,74,73
2010-05-27,74.56,73.56
2010-05-26,71.52,70.59
2010-05-25,64.78,67.18
2010-05-24,68.23,69.62
2010-05-21,68.03,70.45
2010-05-20,68.28,69.56
2010-05-19,69.91,71.86
2010-05-18,69.38,75.12
2010-05-17,70.08,73.87
2010-05-14,71.61,76.43
2010-05-13,74.38,79.41
2010-05-12,75.65,78.7
2010-05-11,76.37,79
2010-05-10,76.89,78.08
2010-05-07,75.1,76.48
2010-05-06,77.18,80.21
2010-05-05,80,82.31
2010-05-04,82.73,85.39
2010-05-03,86.19,88.09
2010-04-30,86.07,86.19
2010-04-29,85.17,86.82
2010-04-28,83.22,84.59
2010-04-27,82.43,85.59
2010-04-26,84.2,86.72
2010-04-23,84.34,86.09
2010-04-22,82.89,84.58
2010-04-21,82.78,84.55
2010-04-20,82.98,84.73
2010-04-19,81.52,83.09
2010-04-16,82.97,84.81
2010-04-15,85.25,86.9
2010-04-14,85.62,85.81
2010-04-13,83.8,83.44
2010-04-12,84.07,85.21
2010-04-09,84.6,82.77
2010-04-08,85.17,
2010-04-07,85.64,
2010-04-06,86.54,
2010-04-05,86.36,
2010-04-01,84.53,
2010-03-31,83.45,
2010-03-30,82.14,
2010-03-29,81.92,
2010-03-26,79.75,
2010-03-25,80.25,
2010-03-24,80.29,
2010-03-23,81.68,
2010-03-22,81.26,
2010-03-19,80.58,
2010-03-18,82.16,
2010-03-17,82.93,
2010-03-16,81.75,
2010-03-15,79.79,
2010-03-12,81.26,
2010-03-11,82.1,
2010-03-10,82.07,
2010-03-09,81.5,
2010-03-08,81.85,
2010-03-05,81.5,
2010-03-04,80.21,
2010-03-03,80.91,
2010-03-02,79.62,
2010-03-01,78.71,
2010-02-26,79.72,
2010-02-25,77.99,
2010-02-24,79.75,
2010-02-23,78.61,
2010-02-22,80.04,
