Price,Close
Ticker,SI=F
Date,
2016-01-04,13.817000389099121
2016-01-05,13.949000358581543
2016-01-06,13.956999778747559
2016-01-07,14.335000038146973
2016-01-08,13.907999992370605
2016-01-11,13.854999542236328
2016-01-12,13.739999771118164
2016-01-13,14.145000457763672
2016-01-14,13.737000465393066
2016-01-15,13.883999824523926
2016-01-19,14.109999656677246
2016-01-20,14.147000312805176
2016-01-21,14.083000183105469
2016-01-22,14.043000221252441
2016-01-25,14.239999771118164
2016-01-26,14.543999671936035
2016-01-27,14.4399995803833
2016-01-28,14.215999603271484
2016-01-29,14.229000091552734
2016-02-01,14.329000473022461
2016-02-02,14.276000022888184
2016-02-03,14.720000267028809
2016-02-04,14.836000442504883
2016-02-05,14.763999938964844
2016-02-08,15.416000366210938
2016-02-09,15.444000244140625
2016-02-10,15.277000427246094
2016-02-11,15.788999557495117
2016-02-12,15.78499984741211
2016-02-16,15.329000473022461
2016-02-17,15.371999740600586
2016-02-18,15.427000045776367
2016-02-19,15.368000030517578
2016-02-22,15.178999900817871
2016-02-23,15.234999656677246
2016-02-24,15.291999816894531
2016-02-25,15.164999961853027
2016-02-26,14.689000129699707
2016-02-29,14.895999908447266
2016-03-01,14.732999801635742
2016-03-02,15.003000259399414
2016-03-03,15.130999565124512
2016-03-04,15.680999755859375
2016-03-07,15.623000144958496
2016-03-08,15.383999824523926
2016-03-09,15.354999542236328
2016-03-10,15.545999526977539
2016-03-11,15.607000350952148
2016-03-14,15.517999649047852
2016-03-15,15.255000114440918
2016-03-16,15.21399974822998
2016-03-17,16.02199935913086
2016-03-18,15.805999755859375
2016-03-21,15.840999603271484
2016-03-22,15.876999855041504
2016-03-23,15.262999534606934
2016-03-24,15.190999984741211
2016-03-28,15.194000244140625
2016-03-29,15.237000465393066
2016-03-30,15.206000328063965
2016-03-31,15.460000038146973
2016-04-01,15.041999816894531
2016-04-04,14.942000389099121
2016-04-05,15.11400032043457
2016-04-06,15.052000045776367
2016-04-07,15.156000137329102
2016-04-08,15.381999969482422
2016-04-11,15.973999977111816
2016-04-12,16.219999313354492
2016-04-13,16.322999954223633
2016-04-14,16.16900062561035
2016-04-15,16.30900001525879
2016-04-18,16.249000549316406
2016-04-19,16.968000411987305
2016-04-20,17.131000518798828
2016-04-21,17.086000442504883
2016-04-22,16.895999908447266
2016-04-25,17.0049991607666
2016-04-26,17.106000900268555
2016-04-27,17.285999298095703
2016-04-28,17.55299949645996
2016-04-29,17.788999557495117
2016-05-02,17.6560001373291
2016-05-03,17.474000930786133
2016-05-04,17.277000427246094
2016-05-05,17.302000045776367
2016-05-06,17.506999969482422
2016-05-09,17.06999969482422
2016-05-10,17.075000762939453
2016-05-11,17.302000045776367
2016-05-12,17.086999893188477
2016-05-13,17.114999771118164
2016-05-16,17.142000198364258
2016-05-17,17.235000610351562
2016-05-18,17.1200008392334
2016-05-19,16.479000091552734
2016-05-20,16.518999099731445
2016-05-23,16.40999984741211
2016-05-24,16.238000869750977
2016-05-25,16.2549991607666
2016-05-26,16.33799934387207
2016-05-27,16.246000289916992
2016-05-31,15.972000122070312
2016-06-01,15.906000137329102
2016-06-02,16.0049991607666
2016-06-03,16.34600067138672
2016-06-06,16.42799949645996
2016-06-07,16.37700080871582
2016-06-08,16.968000411987305
2016-06-09,17.253000259399414
2016-06-10,17.315000534057617
2016-06-13,17.42799949645996
2016-06-14,17.40999984741211
2016-06-15,17.48900032043457
2016-06-16,17.5939998626709
2016-06-17,17.399999618530273
2016-06-20,17.503000259399414
2016-06-21,17.31100082397461
2016-06-22,17.30500030517578
2016-06-23,17.347999572753906
2016-06-24,17.78499984741211
2016-06-27,17.739999771118164
2016-06-28,17.839000701904297
2016-06-29,18.36199951171875
2016-06-30,18.582000732421875
2016-07-01,19.54400062561035
2016-07-05,19.865999221801758
2016-07-06,20.15999984741211
2016-07-07,19.79800033569336
2016-07-08,20.058000564575195
2016-07-11,20.263999938964844
2016-07-12,20.1299991607666
2016-07-13,20.3700008392334
2016-07-14,20.2810001373291
2016-07-15,20.125
2016-07-18,20.04400062561035
2016-07-19,19.975000381469727
2016-07-20,19.582000732421875
2016-07-21,19.784000396728516
2016-07-22,19.656999588012695
2016-07-25,19.614999771118164
2016-07-26,19.655000686645508
2016-07-27,19.96500015258789
2016-07-28,20.15999984741211
2016-07-29,20.312000274658203
2016-08-01,20.46500015258789
2016-08-02,20.666000366210938
2016-08-03,20.43600082397461
2016-08-04,20.4060001373291
2016-08-05,19.780000686645508
2016-08-08,19.76799964904785
2016-08-09,19.81399917602539
2016-08-10,20.134000778198242
2016-08-11,19.983999252319336
2016-08-12,19.672000885009766
2016-08-15,19.820999145507812
2016-08-16,19.847999572753906
2016-08-17,19.62700080871582
2016-08-18,19.719999313354492
2016-08-19,19.301000595092773
2016-08-22,18.843000411987305
2016-08-23,18.90999984741211
2016-08-24,18.545000076293945
2016-08-25,18.47800064086914
2016-08-26,18.645000457763672
2016-08-29,18.761999130249023
2016-08-30,18.57699966430664
2016-08-31,18.621999740600586
2016-09-01,18.85700035095215
2016-09-02,19.275999069213867
2016-09-06,20.048999786376953
2016-09-07,19.759000778198242
2016-09-08,19.590999603271484
2016-09-09,19.281999588012695
2016-09-12,18.915000915527344
2016-09-13,18.889999389648438
2016-09-14,18.98200035095215
2016-09-15,18.958999633789062
2016-09-16,18.7810001373291
2016-09-19,19.20599937438965
2016-09-20,19.19499969482422
2016-09-21,19.68600082397461
2016-09-22,20.020000457763672
2016-09-23,19.732999801635742
2016-09-26,19.516000747680664
2016-09-27,19.086999893188477
2016-09-28,19.04400062561035
2016-09-29,19.114999771118164
2016-09-30,19.138999938964844
2016-10-03,18.795000076293945
2016-10-04,17.71299934387207
2016-10-05,17.634000778198242
2016-10-06,17.288000106811523
2016-10-07,17.323999404907227
2016-10-11,17.45599937438965
2016-10-12,17.454999923706055
2016-10-13,17.40999984741211
2016-10-14,17.39299964904785
2016-10-17,17.426000595092773
2016-10-18,17.590999603271484
2016-10-19,17.615999221801758
2016-10-20,17.50200080871582
2016-10-21,17.447999954223633
2016-10-24,17.562000274658203
2016-10-25,17.736000061035156
2016-10-26,17.584999084472656
2016-10-27,17.604000091552734
2016-10-28,17.761999130249023
2016-10-31,17.761999130249023
2016-11-01,18.385000228881836
2016-11-02,18.65999984741211
2016-11-03,18.382999420166016
2016-11-04,18.341999053955078
2016-11-07,18.124000549316406
2016-11-08,18.329999923706055
2016-11-09,18.35700035095215
2016-11-10,18.715999603271484
2016-11-14,16.87700080871582
2016-11-15,17.02899932861328
2016-11-16,16.913999557495117
2016-11-17,16.76099967956543
2016-11-18,16.613000869750977
2016-11-21,16.511999130249023
2016-11-22,16.62299919128418
2016-11-23,16.382999420166016
2016-11-25,16.464000701904297
2016-11-28,16.577999114990234
2016-11-29,16.660999298095703
2016-11-30,16.4060001373291
2016-12-01,16.427000045776367
2016-12-02,16.753000259399414
2016-12-05,16.823999404907227
2016-12-06,16.739999771118164
2016-12-07,17.202999114990234
2016-12-08,17.024999618530273
2016-12-09,16.89699935913086
2016-12-12,17.115999221801758
2016-12-13,16.910999298095703
2016-12-14,17.152000427246094
2016-12-15,15.897000312805176
2016-12-16,16.152999877929688
2016-12-19,16.025999069213867
2016-12-20,16.054000854492188
2016-12-21,15.918000221252441
2016-12-22,15.8149995803833
2016-12-23,15.704000473022461
2016-12-27,15.928999900817871
2016-12-28,15.98799991607666
2016-12-29,16.163000106811523
2016-12-30,15.935999870300293
2017-01-03,16.356000900268555
2017-01-04,16.499000549316406
2017-01-05,16.583999633789062
2017-01-06,16.465999603271484
2017-01-09,16.6299991607666
2017-01-10,16.80299949645996
2017-01-11,16.783000946044922
2017-01-12,16.780000686645508
2017-01-13,16.719999313354492
2017-01-17,17.101999282836914
2017-01-18,17.235000610351562
2017-01-19,16.966999053955078
2017-01-20,16.996999740600586
2017-01-23,17.149999618530273
2017-01-24,17.14900016784668
2017-01-25,16.944000244140625
2017-01-26,16.81399917602539
2017-01-27,17.100000381469727
2017-01-30,17.121999740600586
2017-01-31,17.511999130249023
2017-02-01,17.420000076293945
2017-02-02,17.402000427246094
2017-02-03,17.452999114990234
2017-02-06,17.66699981689453
2017-02-07,17.732999801635742
2017-02-08,17.683000564575195
2017-02-09,17.719999313354492
2017-02-10,17.91200065612793
2017-02-13,17.804000854492188
2017-02-14,17.871999740600586
2017-02-15,17.94700050354004
2017-02-16,18.062999725341797
2017-02-17,18.018999099731445
2017-02-21,17.989999771118164
2017-02-22,17.941999435424805
2017-02-23,18.113000869750977
2017-02-24,18.334999084472656
2017-02-27,18.354000091552734
2017-02-28,18.420000076293945
2017-03-01,18.44300079345703
2017-03-02,17.704999923706055
2017-03-03,17.69700050354004
2017-03-06,17.725000381469727
2017-03-07,17.492000579833984
2017-03-08,17.256999969482422
2017-03-09,16.993000030517578
2017-03-10,16.882999420166016
2017-03-13,16.934999465942383
2017-03-14,16.88800048828125
2017-03-15,16.88800048828125
2017-03-16,17.29599952697754
2017-03-17,17.378999710083008
2017-03-20,17.402999877929688
2017-03-21,17.549999237060547
2017-03-22,17.545000076293945
2017-03-23,17.562999725341797
2017-03-24,17.719999313354492
2017-03-27,18.079999923706055
2017-03-28,18.225000381469727
2017-03-29,18.22800064086914
2017-03-30,18.184999465942383
2017-03-31,18.235000610351562
2017-04-03,18.19099998474121
2017-04-04,18.302000045776367
2017-04-05,18.166000366210938
2017-04-06,18.225000381469727
2017-04-07,18.1299991607666
2017-04-10,17.893999099731445
2017-04-11,18.232999801635742
2017-04-12,18.27899932861328
2017-04-13,18.48900032043457
2017-04-17,18.493000030517578
2017-04-18,18.250999450683594
2017-04-19,18.13599967956543
2017-04-20,17.992000579833984
2017-04-21,17.829999923706055
2017-04-24,17.847999572753906
2017-04-25,17.58099937438965
2017-04-26,17.35300064086914
2017-04-27,17.264999389648438
2017-04-28,17.19099998474121
2017-05-01,16.780000686645508
2017-05-02,16.768999099731445
2017-05-03,16.48699951171875
2017-05-04,16.243999481201172
2017-05-05,16.21500015258789
2017-05-08,16.198999404907227
2017-05-09,16.007999420166016
2017-05-10,16.150999069213867
2017-05-11,16.208999633789062
2017-05-12,16.34600067138672
2017-05-15,16.56100082397461
2017-05-16,16.69300079345703
2017-05-17,16.851999282836914
2017-05-18,16.621000289916992
2017-05-19,16.75
2017-05-22,17.14299964904785
2017-05-23,17.090999603271484
2017-05-24,17.07699966430664
2017-05-25,17.152000427246094
2017-05-26,17.283000946044922
2017-05-30,17.38800048828125
2017-05-31,17.368000030517578
2017-06-01,17.243000030517578
2017-06-02,17.48699951171875
2017-06-05,17.547000885009766
2017-06-06,17.677000045776367
2017-06-07,17.586999893188477
2017-06-08,17.384000778198242
2017-06-09,17.19300079345703
2017-06-12,16.913999557495117
2017-06-13,16.738000869750977
2017-06-14,17.10700035095215
2017-06-15,16.69099998474121
2017-06-16,16.63599967956543
2017-06-19,16.482999801635742
2017-06-20,16.398000717163086
2017-06-21,16.354999542236328
2017-06-22,16.489999771118164
2017-06-23,16.628000259399414
2017-06-26,16.559999465942383
2017-06-27,16.576000213623047
2017-06-28,16.71500015258789
2017-06-29,16.586000442504883
2017-06-30,16.56800079345703
2017-07-03,16.03700065612793
2017-07-05,15.842000007629395
2017-07-06,15.927000045776367
2017-07-07,15.371000289916992
2017-07-10,15.57699966430664
2017-07-11,15.696999549865723
2017-07-12,15.83899974822998
2017-07-13,15.642000198364258
2017-07-14,15.883999824523926
2017-07-17,16.049999237060547
2017-07-18,16.222000122070312
2017-07-19,16.250999450683594
2017-07-20,16.298999786376953
2017-07-21,16.40999984741211
2017-07-24,16.398000717163086
2017-07-25,16.496999740600586
2017-07-26,16.415000915527344
2017-07-27,16.52899932861328
2017-07-28,16.663999557495117
2017-07-31,16.75
2017-08-01,16.72800064086914
2017-08-02,16.69700050354004
2017-08-03,16.5939998626709
2017-08-04,16.222000122070312
2017-08-07,16.22100067138672
2017-08-08,16.360000610351562
2017-08-09,16.833999633789062
2017-08-10,17.035999298095703
2017-08-11,17.041000366210938
2017-08-14,17.093000411987305
2017-08-15,16.690000534057617
2017-08-16,16.91699981689453
2017-08-17,17.030000686645508
2017-08-18,16.979999542236328
2017-08-21,16.9950008392334
2017-08-22,16.961999893188477
2017-08-23,17.031999588012695
2017-08-24,16.95199966430664
2017-08-25,17.038000106811523
2017-08-28,17.430999755859375
2017-08-29,17.422000885009766
2017-08-30,17.40399932861328
2017-08-31,17.479999542236328
2017-09-01,17.7189998626709
2017-09-05,17.844999313354492
2017-09-06,17.81599998474121
2017-09-07,18.016000747680664
2017-09-08,18.027000427246094
2017-09-11,17.80699920654297
2017-09-12,17.795000076293945
2017-09-13,17.77199935913086
2017-09-14,17.697999954223633
2017-09-15,17.611000061035156
2017-09-18,17.070999145507812
2017-09-19,17.19499969482422
2017-09-20,17.250999450683594
2017-09-21,16.937000274658203
2017-09-22,16.902999877929688
2017-09-25,17.05900001525879
2017-09-26,16.804000854492188
2017-09-27,16.74799919128418
2017-09-28,16.773000717163086
2017-09-29,16.60700035095215
2017-10-02,16.584999084472656
2017-10-03,16.58099937438965
2017-10-04,16.562999725341797
2017-10-05,16.582000732421875
2017-10-06,16.733999252319336
2017-10-09,16.916000366210938
2017-10-10,17.155000686645508
2017-10-11,17.08099937438965
2017-10-12,17.211000442504883
2017-10-13,17.354999542236328
2017-10-16,17.315000534057617
2017-10-17,16.98699951171875
2017-10-18,16.94300079345703
2017-10-19,17.201000213623047
2017-10-20,17.02199935913086
2017-10-23,17.02400016784668
2017-10-24,16.906999588012695
2017-10-25,16.868000030517578
2017-10-26,16.763999938964844
2017-10-27,16.70199966430664
2017-10-30,16.802000045776367
2017-10-31,16.645000457763672
2017-11-01,17.131999969482422
2017-11-02,17.0939998626709
2017-11-03,16.79400062561035
2017-11-06,17.19499969482422
2017-11-07,16.905000686645508
2017-11-08,17.106000900268555
2017-11-09,16.94300079345703
2017-11-10,16.8439998626709
2017-11-13,17.023000717163086
2017-11-14,17.052000045776367
2017-11-15,16.950000762939453
2017-11-16,17.055999755859375
2017-11-17,17.357999801635742
2017-11-20,16.82699966430664
2017-11-21,16.948999404907227
2017-11-22,17.10099983215332
2017-11-24,16.981000900268555
2017-11-27,17.009000778198242
2017-11-28,16.81100082397461
2017-11-29,16.457000732421875
2017-11-30,16.381999969482422
2017-12-01,16.297000885009766
2017-12-04,16.284000396728516
2017-12-05,15.972999572753906
2017-12-06,15.868000030517578
2017-12-07,15.71500015258789
2017-12-08,15.736000061035156
2017-12-11,15.696999549865723
2017-12-12,15.581999778747559
2017-12-13,15.784000396728516
2017-12-14,15.850000381469727
2017-12-15,15.977999687194824
2017-12-18,16.1200008392334
2017-12-19,16.06599998474121
2017-12-20,16.187999725341797
2017-12-21,16.152000427246094
2017-12-22,16.35700035095215
2017-12-26,16.520000457763672
2017-12-27,16.618999481201172
2017-12-28,16.832000732421875
2017-12-29,17.059999465942383
2018-01-02,17.121000289916992
2018-01-03,17.184999465942383
2018-01-04,17.18899917602539
2018-01-05,17.204999923706055
2018-01-08,17.06399917602539
2018-01-09,16.93600082397461
2018-01-10,16.96299934387207
2018-01-11,16.893999099731445
2018-01-12,17.069000244140625
2018-01-16,17.121999740600586
2018-01-17,17.104999542236328
2018-01-18,16.89299964904785
2018-01-19,16.975000381469727
2018-01-22,16.930999755859375
2018-01-23,16.854999542236328
2018-01-24,17.424999237060547
2018-01-25,17.551000595092773
2018-01-26,17.381999969482422
2018-01-30,17.01300048828125
2018-01-31,17.20400047302246
2018-02-01,17.118000030517578
2018-02-02,16.676000595092773
2018-02-05,16.638999938964844
2018-02-06,16.54800033569336
2018-02-07,16.20599937438965
2018-02-08,16.31399917602539
2018-02-09,16.115999221801758
2018-02-12,16.54800033569336
2018-02-13,16.506999969482422
2018-02-14,16.857999801635742
2018-02-15,16.777000427246094
2018-02-16,16.69499969482422
2018-02-20,16.424999237060547
2018-02-21,16.604000091552734
2018-02-22,16.57900047302246
2018-02-23,16.47599983215332
2018-02-26,16.54199981689453
2018-02-27,16.34600067138672
2018-02-28,16.323999404907227
2018-03-01,16.200000762939453
2018-03-02,16.392000198364258
2018-03-05,16.33799934387207
2018-03-06,16.71500015258789
2018-03-07,16.42799949645996
2018-03-08,16.43600082397461
2018-03-09,16.54599952697754
2018-03-12,16.47100067138672
2018-03-13,16.55900001525879
2018-03-14,16.466999053955078
2018-03-15,16.35300064086914
2018-03-16,16.20199966430664
2018-03-19,16.2549991607666
2018-03-20,16.125
2018-03-21,16.35700035095215
2018-03-22,16.327999114990234
2018-03-23,16.530000686645508
2018-03-26,16.631999969482422
2018-03-27,16.48900032043457
2018-03-28,16.204999923706055
2018-03-29,16.222999572753906
2018-04-02,16.62700080871582
2018-04-03,16.347000122070312
2018-04-04,16.208999633789062
2018-04-05,16.31999969482422
2018-04-06,16.332000732421875
2018-04-09,16.499000549316406
2018-04-10,16.56599998474121
2018-04-11,16.738000869750977
2018-04-12,16.44300079345703
2018-04-13,16.628000259399414
2018-04-16,16.66200065612793
2018-04-17,16.77199935913086
2018-04-18,17.231000900268555
2018-04-19,17.222000122070312
2018-04-20,17.14699935913086
2018-04-23,16.570999145507812
2018-04-24,16.687000274658203
2018-04-25,16.486000061035156
2018-04-26,16.488000869750977
2018-04-27,16.4060001373291
2018-04-30,16.312000274658203
2018-05-01,16.038999557495117
2018-05-02,16.291000366210938
2018-05-03,16.36199951171875
2018-05-04,16.43400001525879
2018-05-07,16.413000106811523
2018-05-08,16.38800048828125
2018-05-09,16.45800018310547
2018-05-10,16.68000030517578
2018-05-11,16.676000595092773
2018-05-14,16.56999969482422
2018-05-15,16.194000244140625
2018-05-16,16.297000885009766
2018-05-17,16.413000106811523
2018-05-18,16.386999130249023
2018-05-21,16.45199966430664
2018-05-22,16.507999420166016
2018-05-23,16.33799934387207
2018-05-24,16.621000289916992
2018-05-25,16.481000900268555
2018-05-29,16.30500030517578
2018-05-30,16.479000091552734
2018-05-31,16.402000427246094
2018-06-01,16.38800048828125
2018-06-04,16.378999710083008
2018-06-05,16.490999221801758
2018-06-06,16.642000198364258
2018-06-07,16.766000747680664
2018-06-08,16.694000244140625
2018-06-11,16.905000686645508
2018-06-12,16.849000930786133
2018-06-13,16.952999114990234
2018-06-14,17.22599983215332
2018-06-15,16.45199966430664
2018-06-18,16.41200065612793
2018-06-19,16.30299949645996
2018-06-20,16.288999557495117
2018-06-21,16.305999755859375
2018-06-22,16.43899917602539
2018-06-25,16.308000564575195
2018-06-26,16.238000869750977
2018-06-27,16.138999938964844
2018-06-28,15.951000213623047
2018-06-29,16.104000091552734
2018-07-02,15.744000434875488
2018-07-03,15.95199966430664
2018-07-05,16.007999420166016
2018-07-06,15.980999946594238
2018-07-09,16.05299949645996
2018-07-10,16.003000259399414
2018-07-11,15.732000350952148
2018-07-12,15.89799976348877
2018-07-13,15.73900032043457
2018-07-16,15.734999656677246
2018-07-17,15.545999526977539
2018-07-18,15.503000259399414
2018-07-19,15.34000015258789
2018-07-20,15.489999771118164
2018-07-23,15.368000030517578
2018-07-24,15.463000297546387
2018-07-25,15.532999992370605
2018-07-26,15.437999725341797
2018-07-27,15.435999870300293
2018-07-30,15.475000381469727
2018-07-31,15.5
2018-08-01,15.394000053405762
2018-08-02,15.329000473022461
2018-08-03,15.406000137329102
2018-08-06,15.291999816894531
2018-08-07,15.317000389099121
2018-08-08,15.37600040435791
2018-08-09,15.418999671936035
2018-08-10,15.265999794006348
2018-08-13,14.95300006866455
2018-08-14,15.024999618530273
2018-08-15,14.420999526977539
2018-08-16,14.696999549865723
2018-08-17,14.616000175476074
2018-08-20,14.654999732971191
2018-08-21,14.75100040435791
2018-08-22,14.734999656677246
2018-08-23,14.527000427246094
2018-08-24,14.779000282287598
2018-08-27,14.843999862670898
2018-08-28,14.767000198364258
2018-08-29,14.687999725341797
2018-08-30,14.47700023651123
2018-08-31,14.437999725341797
2018-09-04,14.060999870300293
2018-09-05,14.118000030517578
2018-09-06,14.074999809265137
2018-09-07,14.067000389099121
2018-09-10,14.079000473022461
2018-09-11,14.052000045776367
2018-09-12,14.192000389099121
2018-09-13,14.142999649047852
2018-09-14,14.041999816894531
2018-09-17,14.121999740600586
2018-09-18,14.083999633789062
2018-09-19,14.189000129699707
2018-09-20,14.21500015258789
2018-09-21,14.269000053405762
2018-09-24,14.25100040435791
2018-09-25,14.39799976348877
2018-09-26,14.305000305175781
2018-09-27,14.201000213623047
2018-09-28,14.623000144958496
2018-10-01,14.42199993133545
2018-10-02,14.609999656677246
2018-10-03,14.59000015258789
2018-10-04,14.510000228881836
2018-10-05,14.569000244140625
2018-10-08,14.258999824523926
2018-10-09,14.329000473022461
2018-10-10,14.255000114440918
2018-10-11,14.53499984741211
2018-10-12,14.564000129699707
2018-10-15,14.656000137329102
2018-10-16,14.630000114440918
2018-10-17,14.592000007629395
2018-10-18,14.532999992370605
2018-10-19,14.579000473022461
2018-10-22,14.522000312805176
2018-10-23,14.727999687194824
2018-10-24,14.611000061035156
2018-10-25,14.5649995803833
2018-10-26,14.635000228881836
2018-10-29,14.376999855041504
2018-10-30,14.402999877929688
2018-10-31,14.229000091552734
2018-11-01,14.729000091552734
2018-11-02,14.706999778747559
2018-11-05,14.604000091552734
2018-11-06,14.458000183105469
2018-11-07,14.527999877929688
2018-11-08,14.38599967956543
2018-11-09,14.102999687194824
2018-11-12,13.973999977111816
2018-11-13,13.95199966430664
2018-11-14,14.055000305175781
2018-11-15,14.237000465393066
2018-11-16,14.357999801635742
2018-11-19,14.380999565124512
2018-11-20,14.246999740600586
2018-11-21,14.479999542236328
2018-11-23,14.220999717712402
2018-11-26,14.182999610900879
2018-11-27,14.062000274658203
2018-11-28,14.303000450134277
2018-11-29,14.27299976348877
2018-11-30,14.093999862670898
2018-12-03,14.380999565124512
2018-12-04,14.520999908447266
2018-12-06,14.390000343322754
2018-12-07,14.571999549865723
2018-12-10,14.477999687194824
2018-12-11,14.49899959564209
2018-12-12,14.725000381469727
2018-12-13,14.729000091552734
2018-12-14,14.512999534606934
2018-12-17,14.638999938964844
2018-12-18,14.585000038146973
2018-12-19,14.70199966430664
2018-12-20,14.753000259399414
2018-12-21,14.583000183105469
2018-12-24,14.701000213623047
2018-12-26,15.003999710083008
2018-12-27,15.190999984741211
2018-12-28,15.326000213623047
2018-12-31,15.432999610900879
2019-01-02,15.541999816894531
2019-01-03,15.706000328063965
2019-01-04,15.694999694824219
2019-01-07,15.668999671936035
2019-01-08,15.62600040435791
2019-01-09,15.652999877929688
2019-01-10,15.560999870300293
2019-01-11,15.57699966430664
2019-01-14,15.609000205993652
2019-01-15,15.545999526977539
2019-01-16,15.564000129699707
2019-01-17,15.467000007629395
2019-01-18,15.329999923706055
2019-01-22,15.258999824523926
2019-01-23,15.317000389099121
2019-01-24,15.23799991607666
2019-01-25,15.638999938964844
2019-01-28,15.708999633789062
2019-01-29,15.78600025177002
2019-01-30,15.880000114440918
2019-01-31,16.02199935913086
2019-02-01,15.880000114440918
2019-02-04,15.836999893188477
2019-02-05,15.789999961853027
2019-02-06,15.656000137329102
2019-02-07,15.675000190734863
2019-02-08,15.77299976348877
2019-02-11,15.656999588012695
2019-02-12,15.65999984741211
2019-02-13,15.62399959564209
2019-02-14,15.5
2019-02-15,15.722999572753906
2019-02-19,15.946999549865723
2019-02-20,16.156999588012695
2019-02-21,15.791000366210938
2019-02-22,15.907999992370605
2019-02-25,15.824999809265137
2019-02-26,15.82699966430664
2019-02-27,15.67199993133545
2019-02-28,15.538000106811523
2019-03-01,15.168999671936035
2019-03-04,15.017000198364258
2019-03-05,15.020000457763672
2019-03-06,15.003000259399414
2019-03-07,14.960000038146973
2019-03-08,15.272000312805176
2019-03-11,15.196999549865723
2019-03-12,15.338000297546387
2019-03-13,15.380999565124512
2019-03-14,15.10099983215332
2019-03-15,15.253000259399414
2019-03-18,15.25100040435791
2019-03-19,15.300999641418457
2019-03-20,15.244999885559082
2019-03-21,15.371999740600586
2019-03-22,15.345000267028809
2019-03-25,15.506999969482422
2019-03-26,15.371000289916992
2019-03-27,15.23900032043457
2019-03-28,14.920999526977539
2019-03-29,15.0600004196167
2019-04-01,15.050999641418457
2019-04-02,15.017999649047852
2019-04-03,15.059000015258789
2019-04-04,15.041000366210938
2019-04-05,15.043000221252441
2019-04-08,15.17300033569336
2019-04-09,15.168000221252441
2019-04-10,15.201000213623047
2019-04-11,14.824000358581543
2019-04-12,14.920000076293945
2019-04-15,14.947999954223633
2019-04-16,14.890999794006348
2019-04-17,14.920999526977539
2019-04-18,14.937000274658203
2019-04-22,14.956999778747559
2019-04-23,14.77299976348877
2019-04-24,14.89799976348877
2019-04-25,14.861000061035156
2019-04-26,15.001999855041504
2019-04-29,14.843999862670898
2019-04-30,14.899999618530273
2019-05-01,14.645000457763672
2019-05-02,14.539999961853027
2019-05-03,14.906999588012695
2019-05-06,14.857000350952148
2019-05-07,14.859999656677246
2019-05-08,14.791999816894531
2019-05-09,14.706999778747559
2019-05-10,14.72599983215332
2019-05-13,14.713000297546387
2019-05-14,14.751999855041504
2019-05-15,14.751999855041504
2019-05-16,14.479000091552734
2019-05-17,14.347999572753906
2019-05-20,14.409000396728516
2019-05-21,14.373000144958496
2019-05-22,14.413999557495117
2019-05-23,14.57699966430664
2019-05-24,14.520000457763672
2019-05-28,14.281000137329102
2019-05-29,14.371999740600586
2019-05-30,14.460000038146973
2019-05-31,14.529999732971191
2019-06-03,14.70300006866455
2019-06-04,14.732000350952148
2019-06-05,14.753999710083008
2019-06-06,14.868000030517578
2019-06-07,14.994000434875488
2019-06-10,14.604999542236328
2019-06-11,14.706000328063965
2019-06-12,14.722000122070312
2019-06-13,14.871000289916992
2019-06-14,14.781999588012695
2019-06-17,14.814000129699707
2019-06-18,14.979999542236328
2019-06-19,14.944999694824219
2019-06-20,15.468999862670898
2019-06-21,15.27299976348877
2019-06-24,15.368000030517578
2019-06-25,15.291000366210938
2019-06-26,15.282999992370605
2019-06-27,15.204999923706055
2019-06-28,15.253000259399414
2019-07-01,15.105999946594238
2019-07-02,15.154000282287598
2019-07-03,15.251999855041504
2019-07-05,14.918000221252441
2019-07-08,14.972000122070312
2019-07-09,15.067999839782715
2019-07-10,15.147000312805176
2019-07-11,15.067000389099121
2019-07-12,15.16100025177002
2019-07-15,15.289999961853027
2019-07-16,15.600000381469727
2019-07-17,15.892999649047852
2019-07-18,16.1200008392334
2019-07-19,16.117000579833984
2019-07-22,16.34000015258789
2019-07-23,16.405000686645508
2019-07-24,16.554000854492188
2019-07-25,16.339000701904297
2019-07-26,16.325000762939453
2019-07-29,16.368000030517578
2019-07-30,16.4950008392334
2019-07-31,16.34600067138672
2019-08-01,16.121000289916992
2019-08-02,16.222000122070312
2019-08-05,16.344999313354492
2019-08-06,16.405000686645508
2019-08-07,17.1560001373291
2019-08-08,16.900999069213867
2019-08-09,16.89699935913086
2019-08-12,17.038999557495117
2019-08-13,16.95599937438965
2019-08-14,17.253000259399414
2019-08-15,17.187999725341797
2019-08-16,17.09600067138672
2019-08-19,16.913999557495117
2019-08-20,17.121999740600586
2019-08-21,17.125
2019-08-22,17.013999938964844
2019-08-23,17.395000457763672
2019-08-26,17.624000549316406
2019-08-27,18.138999938964844
2019-08-28,18.304000854492188
2019-08-29,18.16699981689453
2019-08-30,18.184999465942383
2019-09-03,19.07900047302246
2019-09-04,19.391000747680664
2019-09-05,18.6560001373291
2019-09-06,17.968000411987305
2019-09-09,18.018999099731445
2019-09-10,18.041000366210938
2019-09-11,18.0310001373291
2019-09-12,18.041000366210938
2019-09-13,17.43600082397461
2019-09-16,17.900999069213867
2019-09-17,18.016000747680664
2019-09-18,17.795000076293945
2019-09-19,17.773000717163086
2019-09-20,17.738000869750977
2019-09-23,18.600000381469727
2019-09-24,18.517000198364258
2019-09-25,17.961999893188477
2019-09-26,17.801000595092773
2019-09-27,17.552000045776367
2019-09-30,16.898000717163086
2019-10-01,17.20199966430664
2019-10-02,17.591999053955078
2019-10-03,17.584999084472656
2019-10-04,17.540000915527344
2019-10-07,17.457000732421875
2019-10-08,17.617000579833984
2019-10-09,17.72800064086914
2019-10-10,17.520000457763672
2019-10-11,17.461999893188477
2019-10-14,17.634000778198242
2019-10-15,17.308000564575195
2019-10-16,17.35099983215332
2019-10-17,17.535999298095703
2019-10-18,17.50200080871582
2019-10-21,17.525999069213867
2019-10-22,17.437000274658203
2019-10-23,17.517000198364258
2019-10-24,17.73900032043457
2019-10-25,17.861000061035156
2019-10-28,17.81599998474121
2019-10-29,17.770999908447266
2019-10-30,17.815000534057617
2019-10-31,18.013999938964844
2019-11-01,18.003999710083008
2019-11-04,18.013999938964844
2019-11-05,17.516000747680664
2019-11-06,17.558000564575195
2019-11-07,16.969999313354492
2019-11-08,16.783000946044922
2019-11-11,16.761999130249023
2019-11-12,16.677000045776367
2019-11-13,16.898000717163086
2019-11-14,17.01300048828125
2019-11-15,16.933000564575195
2019-11-18,16.985000610351562
2019-11-19,17.10300064086914
2019-11-20,17.100000381469727
2019-11-21,17.049999237060547
2019-11-22,16.985000610351562
2019-11-25,16.871000289916992
2019-11-26,17.030000686645508
2019-11-27,16.91200065612793
2019-11-29,16.9689998626709
2019-12-02,16.836000442504883
2019-12-03,17.125
2019-12-04,16.797000885009766
2019-12-05,16.941999435424805
2019-12-06,16.481000900268555
2019-12-09,16.531999588012695
2019-12-10,16.59600067138672
2019-12-11,16.743999481201172
2019-12-12,16.844999313354492
2019-12-13,16.91200065612793
2019-12-16,17.018999099731445
2019-12-17,16.97800064086914
2019-12-18,16.952999114990234
2019-12-19,17.058000564575195
2019-12-20,17.128000259399414
2019-12-23,17.402999877929688
2019-12-24,17.756999969482422
2019-12-26,17.893999099731445
2019-12-27,17.849000930786133
2019-12-30,17.908000946044922
2019-12-31,17.827999114990234
2020-01-02,17.965999603271484
2020-01-03,18.06800079345703
2020-01-06,18.097000122070312
2020-01-07,18.31599998474121
2020-01-08,18.08799934387207
2020-01-09,17.860000610351562
2020-01-10,18.033000946044922
2020-01-13,17.926000595092773
2020-01-14,17.673999786376953
2020-01-15,17.92300033569336
2020-01-16,17.875
2020-01-17,18.01300048828125
2020-01-21,17.750999450683594
2020-01-22,17.770999908447266
2020-01-23,17.773000717163086
2020-01-24,18.05699920654297
2020-01-27,18.0
2020-01-28,17.402000427246094
2020-01-29,17.430999755859375
2020-01-30,17.95199966430664
2020-01-31,17.972000122070312
2020-02-03,17.639999389648438
2020-02-04,17.527999877929688
2020-02-05,17.569000244140625
2020-02-06,17.788999557495117
2020-02-07,17.665000915527344
2020-02-10,17.757999420166016
2020-02-11,17.572999954223633
2020-02-12,17.47800064086914
2020-02-13,17.600000381469727
2020-02-14,17.71500015258789
2020-02-18,18.131000518798828
2020-02-19,18.29199981689453
2020-02-20,18.30900001525879
2020-02-21,18.520999908447266
2020-02-24,18.868000030517578
2020-02-25,18.183000564575195
2020-02-26,17.826000213623047
2020-02-27,17.658000946044922
2020-02-28,16.386999130249023
2020-03-02,16.679000854492188
2020-03-03,17.128999710083008
2020-03-04,17.187000274658203
2020-03-05,17.341999053955078
2020-03-06,17.214000701904297
2020-03-09,17.000999450683594
2020-03-10,16.9060001373291
2020-03-11,16.729000091552734
2020-03-12,15.961000442504883
2020-03-13,14.456000328063965
2020-03-16,12.772000312805176
2020-03-17,12.468999862670898
2020-03-18,11.734999656677246
2020-03-19,12.097000122070312
2020-03-20,12.348999977111816
2020-03-23,13.225000381469727
2020-03-24,14.229000091552734
2020-03-25,14.836999893188477
2020-03-26,14.640000343322754
2020-03-27,14.498000144958496
2020-03-30,14.074000358581543
2020-03-31,14.097999572753906
2020-04-01,13.925999641418457
2020-04-02,14.595999717712402
2020-04-03,14.435999870300293
2020-04-06,15.111000061035156
2020-04-07,15.42199993133545
2020-04-08,15.147000312805176
2020-04-09,15.994999885559082
2020-04-13,15.479000091552734
2020-04-14,16.07200050354004
2020-04-15,15.446999549865723
2020-04-16,15.564000129699707
2020-04-17,15.237000465393066
2020-04-20,15.555999755859375
2020-04-21,14.817999839782715
2020-04-22,15.277000427246094
2020-04-23,15.347999572753906
2020-04-24,15.253999710083008
2020-04-27,15.201000213623047
2020-04-28,15.161999702453613
2020-04-29,15.15999984741211
2020-04-30,14.89799976348877
2020-05-01,14.86299991607666
2020-05-04,14.722000122070312
2020-05-05,15.057000160217285
2020-05-06,14.987000465393066
2020-05-07,15.562000274658203
2020-05-08,15.739999771118164
2020-05-11,15.63599967956543
2020-05-12,15.687000274658203
2020-05-13,15.663000106811523
2020-05-14,16.13599967956543
2020-05-15,17.04599952697754
2020-05-18,17.464000701904297
2020-05-19,17.892000198364258
2020-05-20,18.00200080871582
2020-05-21,17.334999084472656
2020-05-22,17.663999557495117
2020-05-26,17.565000534057617
2020-05-27,17.68600082397461
2020-05-28,17.895000457763672
2020-05-29,18.440000534057617
2020-06-01,18.76799964904785
2020-06-02,18.207000732421875
2020-06-03,17.92099952697754
2020-06-04,18.02400016784668
2020-06-05,17.44300079345703
2020-06-08,17.868000030517578
2020-06-09,17.77400016784668
2020-06-10,17.775999069213867
2020-06-11,17.868999481201172
2020-06-12,17.461999893188477
2020-06-15,17.378999710083008
2020-06-16,17.631999969482422
2020-06-17,17.756999969482422
2020-06-18,17.493000030517578
2020-06-19,17.832000732421875
2020-06-22,17.886999130249023
2020-06-23,18.051000595092773
2020-06-24,17.658000946044922
2020-06-25,17.882999420166016
2020-06-26,18.023000717163086
2020-06-29,17.979999542236328
2020-06-30,18.541000366210938
2020-07-01,18.132999420166016
2020-07-02,18.243999481201172
2020-07-06,18.503999710083008
2020-07-07,18.628000259399414
2020-07-08,19.08099937438965
2020-07-09,18.881999969482422
2020-07-10,18.982999801635742
2020-07-13,19.708999633789062
2020-07-14,19.451000213623047
2020-07-15,19.684999465942383
2020-07-16,19.496999740600586
2020-07-17,19.684999465942383
2020-07-20,20.124000549316406
2020-07-21,21.496999740600586
2020-07-22,23.08300018310547
2020-07-23,22.94499969482422
2020-07-24,22.808000564575195
2020-07-27,24.47599983215332
2020-07-28,24.266000747680664
2020-07-29,24.292999267578125
2020-07-30,23.34000015258789
2020-07-31,24.18899917602539
2020-08-03,24.389999389648438
2020-08-04,26.011999130249023
2020-08-05,26.87700080871582
2020-08-06,28.386999130249023
2020-08-07,27.533000946044922
2020-08-10,29.249000549316406
2020-08-11,26.03700065612793
2020-08-12,25.954999923706055
2020-08-13,27.694000244140625
2020-08-14,26.065000534057617
2020-08-17,27.64299964904785
2020-08-18,28.048999786376953
2020-08-19,27.315000534057617
2020-08-20,27.121999740600586
2020-08-21,26.707000732421875
2020-08-24,26.58799934387207
2020-08-25,26.253999710083008
2020-08-26,27.43000030517578
2020-08-27,27.010000228881836
2020-08-28,27.610000610351562
2020-08-31,28.437000274658203
2020-09-01,28.486000061035156
2020-09-02,27.249000549316406
2020-09-03,26.735000610351562
2020-09-04,26.576000213623047
2020-09-08,26.86400032043457
2020-09-09,26.954999923706055
2020-09-10,27.163000106811523
2020-09-11,26.73900032043457
2020-09-14,27.229000091552734
2020-09-15,27.34600067138672
2020-09-16,27.354999542236328
2020-09-17,26.985000610351562
2020-09-18,27.027999877929688
2020-09-21,24.298999786376953
2020-09-22,24.441999435424805
2020-09-23,23.013999938964844
2020-09-24,23.118000030517578
2020-09-25,23.017000198364258
2020-09-28,23.527999877929688
2020-09-29,24.3799991607666
2020-09-30,23.433000564575195
2020-10-01,24.19300079345703
2020-10-02,23.97100067138672
2020-10-05,24.50200080871582
2020-10-06,23.8700008392334
2020-10-07,23.847999572753906
2020-10-08,23.836999893188477
2020-10-09,25.069000244140625
2020-10-12,25.22599983215332
2020-10-13,24.086000442504883
2020-10-14,24.36400032043457
2020-10-15,24.19300079345703
2020-10-16,24.368999481201172
2020-10-19,24.656999588012695
2020-10-20,24.937000274658203
2020-10-21,25.19700050354004
2020-10-22,24.665000915527344
2020-10-23,24.62700080871582
2020-10-26,24.375999450683594
2020-10-27,24.525999069213867
2020-10-28,23.323999404907227
2020-10-29,23.339000701904297
2020-10-30,23.617000579833984
2020-11-02,24.006000518798828
2020-11-03,24.30500030517578
2020-11-04,23.86400032043457
2020-11-05,25.17099952697754
2020-11-06,25.645999908447266
2020-11-09,23.684999465942383
2020-11-10,24.445999145507812
2020-11-11,24.250999450683594
2020-11-12,24.290000915527344
2020-11-13,24.759000778198242
2020-11-16,24.785999298095703
2020-11-17,24.635000228881836
2020-11-18,24.433000564575195
2020-11-19,24.033000946044922
2020-11-20,24.347999572753906
2020-11-23,23.624000549316406
2020-11-24,23.29199981689453
2020-11-25,23.356000900268555
2020-11-27,22.55299949645996
2020-11-30,22.534000396728516
2020-12-01,24.033000946044922
2020-12-02,24.024999618530273
2020-12-03,24.086999893188477
2020-12-04,24.202999114990234
2020-12-07,24.740999221801758
2020-12-08,24.68400001525879
2020-12-09,23.93000030517578
2020-12-10,24.0310001373291
2020-12-11,24.031999588012695
2020-12-14,23.985000610351562
2020-12-15,24.58099937438965
2020-12-16,24.985000610351562
2020-12-17,26.100000381469727
2020-12-18,25.948999404907227
2020-12-21,26.277999877929688
2020-12-22,25.43400001525879
2020-12-23,25.823999404907227
2020-12-24,25.81100082397461
2020-12-28,26.459999084472656
2020-12-29,26.13800048828125
2020-12-30,26.488000869750977
2020-12-31,26.332000732421875
2021-01-04,27.284000396728516
2021-01-05,27.570999145507812
2021-01-06,26.972999572753906
2021-01-07,27.200000762939453
2021-01-08,24.582000732421875
2021-01-11,25.23900032043457
2021-01-12,25.384000778198242
2021-01-13,25.520000457763672
2021-01-14,25.746000289916992
2021-01-15,24.825000762939453
2021-01-19,25.27899932861328
2021-01-20,25.733999252319336
2021-01-21,25.82200050354004
2021-01-22,25.52400016784668
2021-01-25,25.454999923706055
2021-01-26,25.52899932861328
2021-01-27,25.375999450683594
2021-01-28,25.909000396728516
2021-01-29,26.899999618530273
2021-02-01,29.398000717163086
2021-02-02,26.384000778198242
2021-02-03,26.878000259399414
2021-02-04,26.222999572753906
2021-02-05,27.013999938964844
2021-02-08,27.56999969482422
2021-02-09,27.395999908447266
2021-02-10,27.073999404907227
2021-02-11,27.04199981689453
2021-02-12,27.322999954223633
2021-02-16,27.319000244140625
2021-02-17,27.31399917602539
2021-02-18,27.07699966430664
2021-02-19,27.25200080871582
2021-02-22,28.08300018310547
2021-02-23,27.68600082397461
2021-02-24,27.85700035095215
2021-02-25,27.636999130249023
2021-02-26,26.402000427246094
2021-03-01,26.64699935913086
2021-03-02,26.850000381469727
2021-03-03,26.35700035095215
2021-03-04,25.43400001525879
2021-03-05,25.256999969482422
2021-03-08,25.239999771118164
2021-03-09,26.148000717163086
2021-03-10,26.101999282836914
2021-03-11,26.16200065612793
2021-03-12,25.8799991607666
2021-03-15,26.253000259399414
2021-03-16,25.974000930786133
2021-03-17,26.030000686645508
2021-03-18,26.320999145507812
2021-03-19,26.29199981689453
2021-03-22,25.740999221801758
2021-03-23,25.200000762939453
2021-03-24,25.201000213623047
2021-03-25,25.02199935913086
2021-03-26,25.091999053955078
2021-03-29,24.746999740600586
2021-03-30,24.121000289916992
2021-03-31,24.517000198364258
2021-04-01,24.934999465942383
2021-04-05,24.76300048828125
2021-04-06,25.211999893188477
2021-04-07,25.232999801635742
2021-04-08,25.569000244140625
2021-04-09,25.31100082397461
2021-04-12,24.85300064086914
2021-04-13,25.41699981689453
2021-04-14,25.514999389648438
2021-04-15,25.95599937438965
2021-04-16,26.099000930786133
2021-04-19,25.83099937438965
2021-04-20,25.834999084472656
2021-04-21,26.565000534057617
2021-04-22,26.173999786376953
2021-04-23,26.07699966430664
2021-04-26,26.211000442504883
2021-04-27,26.41200065612793
2021-04-28,26.08099937438965
2021-04-29,26.05299949645996
2021-04-30,25.85300064086914
2021-05-03,26.94300079345703
2021-05-04,26.538999557495117
2021-05-05,26.50200080871582
2021-05-06,27.461999893188477
2021-05-07,27.461999893188477
2021-05-10,27.479000091552734
2021-05-11,27.656999588012695
2021-05-12,27.231000900268555
2021-05-13,27.04400062561035
2021-05-14,27.35300064086914
2021-05-17,28.260000228881836
2021-05-18,28.31399917602539
2021-05-19,28.007999420166016
2021-05-20,28.052000045776367
2021-05-21,27.472999572753906
2021-05-24,27.886999130249023
2021-05-25,28.03700065612793
2021-05-26,27.85300064086914
2021-05-27,27.91900062561035
2021-05-28,27.993000030517578
2021-06-01,28.08300018310547
2021-06-02,28.18600082397461
2021-06-03,27.459999084472656
2021-06-04,27.878999710083008
2021-06-07,28.000999450683594
2021-06-08,27.71500015258789
2021-06-09,27.985000610351562
2021-06-10,28.014999389648438
2021-06-11,28.131000518798828
2021-06-14,28.02400016784668
2021-06-15,27.679000854492188
2021-06-16,27.799999237060547
2021-06-17,25.8439998626709
2021-06-18,25.95800018310547
2021-06-21,26.014999389648438
2021-06-22,25.847999572753906
2021-06-23,26.107999801635742
2021-06-24,26.047000885009766
2021-06-25,26.082000732421875
2021-06-28,26.218000411987305
2021-06-29,25.871999740600586
2021-06-30,26.165000915527344
2021-07-01,26.075000762939453
2021-07-02,26.481000900268555
2021-07-06,26.15399932861328
2021-07-07,26.110000610351562
2021-07-08,25.966999053955078
2021-07-09,26.211000442504883
2021-07-12,26.216999053955078
2021-07-13,26.114999771118164
2021-07-14,26.246000289916992
2021-07-15,26.375
2021-07-16,25.777000427246094
2021-07-19,25.125999450683594
2021-07-20,24.976999282836914
2021-07-21,25.238000869750977
2021-07-22,25.364999771118164
2021-07-23,25.218000411987305
2021-07-26,25.295000076293945
2021-07-27,24.631999969482422
2021-07-28,24.856000900268555
2021-07-29,25.763999938964844
2021-07-30,25.527999877929688
2021-08-02,25.55699920654297
2021-08-03,25.56599998474121
2021-08-04,25.445999145507812
2021-08-05,25.277000427246094
2021-08-06,24.312000274658203
2021-08-09,23.2549991607666
2021-08-10,23.37700080871582
2021-08-11,23.474000930786133
2021-08-12,23.104999542236328
2021-08-13,23.76799964904785
2021-08-16,23.780000686645508
2021-08-17,23.648000717163086
2021-08-18,23.41200065612793
2021-08-19,23.219999313354492
2021-08-20,23.104999542236328
2021-08-23,23.64900016784668
2021-08-24,23.889999389648438
2021-08-25,23.770999908447266
2021-08-26,23.54599952697754
2021-08-27,24.059999465942383
2021-08-30,23.959999084472656
2021-08-31,23.959999084472656
2021-09-01,24.177000045776367
2021-09-02,23.875
2021-09-03,24.761999130249023
2021-09-07,24.333999633789062
2021-09-08,24.011999130249023
2021-09-09,24.132999420166016
2021-09-10,23.854999542236328
2021-09-13,23.753000259399414
2021-09-14,23.841999053955078
2021-09-15,23.759000778198242
2021-09-16,22.75200080871582
2021-09-17,22.295000076293945
2021-09-20,22.163000106811523
2021-09-21,22.572999954223633
2021-09-22,22.868999481201172
2021-09-23,22.642000198364258
2021-09-24,22.38800048828125
2021-09-27,22.656999588012695
2021-09-28,22.43000030517578
2021-09-29,21.458999633789062
2021-09-30,22.020999908447266
2021-10-01,22.510000228881836
2021-10-04,22.618000030517578
2021-10-05,22.582000732421875
2021-10-06,22.506000518798828
2021-10-07,22.631999969482422
2021-10-08,22.679000854492188
2021-10-11,22.639999389648438
2021-10-12,22.490999221801758
2021-10-13,23.14900016784668
2021-10-14,23.45599937438965
2021-10-15,23.327999114990234
2021-10-18,23.243000030517578
2021-10-19,23.86199951171875
2021-10-20,24.423999786376953
2021-10-21,24.149999618530273
2021-10-22,24.429000854492188
2021-10-25,24.57200050354004
2021-10-26,24.086000442504883
2021-10-27,24.18899917602539
2021-10-28,24.117000579833984
2021-10-29,23.94499969482422
2021-11-01,24.06399917602539
2021-11-02,23.5
2021-11-03,23.22599983215332
2021-11-04,23.9060001373291
2021-11-05,24.152000427246094
2021-11-08,24.53700065612793
2021-11-09,24.312999725341797
2021-11-10,24.767000198364258
2021-11-11,25.301000595092773
2021-11-12,25.3439998626709
2021-11-15,25.10700035095215
2021-11-16,24.944000244140625
2021-11-17,25.16699981689453
2021-11-18,24.900999069213867
2021-11-19,24.780000686645508
2021-11-22,24.297000885009766
2021-11-23,23.434999465942383
2021-11-24,23.496000289916992
2021-11-26,23.10700035095215
2021-11-29,22.798999786376953
2021-11-30,22.764999389648438
2021-12-01,22.298999786376953
2021-12-02,22.280000686645508
2021-12-03,22.44499969482422
2021-12-06,22.22800064086914
2021-12-07,22.48699951171875
2021-12-08,22.389999389648438
2021-12-09,21.974000930786133
2021-12-10,22.15999984741211
2021-12-13,22.290000915527344
2021-12-14,21.886999130249023
2021-12-15,21.507999420166016
2021-12-16,22.454999923706055
2021-12-17,22.506999969482422
2021-12-20,22.274999618530273
2021-12-21,22.50200080871582
2021-12-22,22.79199981689453
2021-12-23,22.930999755859375
2021-12-27,22.979000091552734
2021-12-28,23.111000061035156
2021-12-29,22.847999572753906
2021-12-30,23.027999877929688
2021-12-31,23.327999114990234
2022-01-03,22.790000915527344
2022-01-04,23.038000106811523
2022-01-05,23.149999618530273
2022-01-06,22.173999786376953
2022-01-07,22.393999099731445
2022-01-10,22.445999145507812
2022-01-11,22.805999755859375
2022-01-12,23.200000762939453
2022-01-13,23.155000686645508
2022-01-14,22.910999298095703
2022-01-18,23.48699951171875
2022-01-19,24.22599983215332
2022-01-20,24.711000442504883
2022-01-21,24.31399917602539
2022-01-24,23.795000076293945
2022-01-25,23.895999908447266
2022-01-26,23.80699920654297
2022-01-27,22.67300033569336
2022-01-28,22.302000045776367
2022-01-31,22.395000457763672
2022-02-01,22.59600067138672
2022-02-02,22.711000442504883
2022-02-03,22.375
2022-02-04,22.475000381469727
2022-02-07,23.076000213623047
2022-02-08,23.19499969482422
2022-02-09,23.336000442504883
2022-02-10,23.518999099731445
2022-02-11,23.365999221801758
2022-02-14,23.844999313354492
2022-02-15,23.33799934387207
2022-02-16,23.60099983215332
2022-02-17,23.874000549316406
2022-02-18,23.990999221801758
2022-02-22,24.31100082397461
2022-02-23,24.55500030517578
2022-02-24,24.68600082397461
2022-02-25,23.996999740600586
2022-02-28,24.361000061035156
2022-03-01,25.534000396728516
2022-03-02,25.183000564575195
2022-03-03,25.204999923706055
2022-03-04,25.781999588012695
2022-03-07,25.71299934387207
2022-03-08,26.88800048828125
2022-03-09,25.756999969482422
2022-03-10,26.20199966430664
2022-03-11,26.106000900268555
2022-03-14,25.243999481201172
2022-03-15,25.12299919128418
2022-03-16,24.670000076293945
2022-03-17,25.583999633789062
2022-03-18,25.05500030517578
2022-03-21,25.281999588012695
2022-03-22,24.885000228881836
2022-03-23,25.170000076293945
2022-03-24,25.899999618530273
2022-03-25,25.594999313354492
2022-03-28,25.176000595092773
2022-03-29,24.715999603271484
2022-03-30,25.10300064086914
2022-03-31,25.121000289916992
2022-04-01,24.642000198364258
2022-04-04,24.583999633789062
2022-04-05,24.527999877929688
2022-04-06,24.454999923706055
2022-04-07,24.732999801635742
2022-04-08,24.819000244140625
2022-04-11,24.97800064086914
2022-04-12,25.725000381469727
2022-04-13,26.020000457763672
2022-04-14,25.690000534057617
2022-04-18,26.139999389648438
2022-04-19,25.391000747680664
2022-04-20,25.270000457763672
2022-04-21,24.621000289916992
2022-04-22,24.256999969482422
2022-04-25,23.667999267578125
2022-04-26,23.54199981689453
2022-04-27,23.45800018310547
2022-04-28,23.128999710083008
2022-04-29,23.040000915527344
2022-05-02,22.54400062561035
2022-05-03,22.621000289916992
2022-05-04,22.36199951171875
2022-05-05,22.399999618530273
2022-05-06,22.325000762939453
2022-05-09,21.781999588012695
2022-05-10,21.389999389648438
2022-05-11,21.549999237060547
2022-05-12,20.756999969482422
2022-05-13,20.983999252319336
2022-05-16,21.53499984741211
2022-05-17,21.73699951171875
2022-05-18,21.533000946044922
2022-05-19,21.898000717163086
2022-05-20,21.66900062561035
2022-05-23,21.722999572753906
2022-05-24,22.062999725341797
2022-05-25,21.860000610351562
2022-05-26,21.94099998474121
2022-05-27,22.059999465942383
2022-05-31,21.650999069213867
2022-06-01,21.884000778198242
2022-06-02,22.253999710083008
2022-06-03,21.889999389648438
2022-06-06,22.073999404907227
2022-06-07,22.159000396728516
2022-06-08,22.073999404907227
2022-06-09,21.797000885009766
2022-06-10,21.913000106811523
2022-06-13,21.236000061035156
2022-06-14,20.93600082397461
2022-06-15,21.402000427246094
2022-06-16,21.867000579833984
2022-06-17,21.572999954223633
2022-06-21,21.753999710083008
2022-06-22,21.406999588012695
2022-06-23,21.031999588012695
2022-06-24,21.115999221801758
2022-06-27,21.159000396728516
2022-06-28,20.797000885009766
2022-06-29,20.667999267578125
2022-06-30,20.281999588012695
2022-07-01,19.597000122070312
2022-07-05,19.052000045776367
2022-07-06,19.084999084472656
2022-07-07,19.121999740600586
2022-07-08,19.16699981689453
2022-07-11,19.066999435424805
2022-07-12,18.89900016784668
2022-07-13,19.13800048828125
2022-07-14,18.16900062561035
2022-07-15,18.54800033569336
2022-07-18,18.791000366210938
2022-07-19,18.670000076293945
2022-07-20,18.638999938964844
2022-07-21,18.687000274658203
2022-07-22,18.584999084472656
2022-07-25,18.29400062561035
2022-07-26,18.48699951171875
2022-07-27,18.55299949645996
2022-07-28,19.82699966430664
2022-07-29,20.1560001373291
2022-08-01,20.32200050354004
2022-08-02,20.104999542236328
2022-08-03,19.864999771118164
2022-08-04,20.099000930786133
2022-08-05,19.819000244140625
2022-08-08,20.591999053955078
2022-08-09,20.45800018310547
2022-08-10,20.718000411987305
2022-08-11,20.326000213623047
2022-08-12,20.677000045776367
2022-08-15,20.250999450683594
2022-08-16,20.065000534057617
2022-08-17,19.711000442504883
2022-08-18,19.447999954223633
2022-08-19,19.058000564575195
2022-08-22,18.87299919128418
2022-08-23,19.011999130249023
2022-08-24,18.895000457763672
2022-08-25,19.111000061035156
2022-08-26,18.739999771118164
2022-08-29,18.55500030517578
2022-08-30,18.159000396728516
2022-08-31,17.761999130249023
2022-09-01,17.551000595092773
2022-09-02,17.775999069213867
2022-09-06,17.795000076293945
2022-09-07,18.136999130249023
2022-09-08,18.329999923706055
2022-09-09,18.658000946044922
2022-09-12,19.7549991607666
2022-09-13,19.389999389648438
2022-09-14,19.47100067138672
2022-09-15,19.174999237060547
2022-09-16,19.29599952697754
2022-09-19,19.273000717163086
2022-09-20,19.101999282836914
2022-09-21,19.410999298095703
2022-09-22,19.54800033569336
2022-09-23,18.840999603271484
2022-09-26,18.4060001373291
2022-09-27,18.256999969482422
2022-09-28,18.79599952697754
2022-09-29,18.611000061035156
2022-09-30,18.959999084472656
2022-10-03,20.518999099731445
2022-10-04,21.03700065612793
2022-10-05,20.479000091552734
2022-10-06,20.594999313354492
2022-10-07,20.191999435424805
2022-10-10,19.555999755859375
2022-10-11,19.427000045776367
2022-10-12,18.878000259399414
2022-10-13,18.857999801635742
2022-10-14,18.014999389648438
2022-10-17,18.673999786376953
2022-10-18,18.570999145507812
2022-10-19,18.336000442504883
2022-10-20,18.666000366210938
2022-10-21,19.042999267578125
2022-10-24,19.173999786376953
2022-10-25,19.339000701904297
2022-10-26,19.479999542236328
2022-10-27,19.47800064086914
2022-10-28,19.14699935913086
2022-10-31,19.125
2022-11-01,19.67300033569336
2022-11-02,19.600000381469727
2022-11-03,19.43600082397461
2022-11-04,20.790000915527344
2022-11-07,20.898000717163086
2022-11-08,21.476999282836914
2022-11-09,21.29800033569336
2022-11-10,21.677000045776367
2022-11-11,21.645999908447266
2022-11-14,22.091999053955078
2022-11-15,21.499000549316406
2022-11-16,21.503999710083008
2022-11-17,20.954999923706055
2022-11-18,20.97599983215332
2022-11-21,20.849000930786133
2022-11-22,21.034000396728516
2022-11-23,21.35700035095215
2022-11-25,21.424999237060547
2022-11-28,20.90999984741211
2022-11-29,21.20400047302246
2022-11-30,21.549999237060547
2022-12-01,22.636999130249023
2022-12-02,23.038000106811523
2022-12-05,22.198999404907227
2022-12-06,22.12299919128418
2022-12-07,22.709999084472656
2022-12-08,23.062999725341797
2022-12-09,23.53499984741211
2022-12-12,23.219999313354492
2022-12-13,23.801000595092773
2022-12-14,23.945999145507812
2022-12-15,23.128000259399414
2022-12-16,23.150999069213867
2022-12-19,23.02899932861328
2022-12-20,24.0939998626709
2022-12-21,24.03499984741211
2022-12-22,23.47599983215332
2022-12-23,23.763999938964844
2022-12-27,24.040000915527344
2022-12-28,23.663000106811523
2022-12-29,24.077999114990234
2022-12-30,23.86199951171875
2023-01-03,24.05900001525879
2023-01-04,23.79199981689453
2023-01-05,23.257999420166016
2023-01-06,23.82200050354004
2023-01-09,23.711999893188477
2023-01-10,23.506999969482422
2023-01-11,23.32699966430664
2023-01-12,23.863000869750977
2023-01-13,24.231000900268555
2023-01-17,23.944000244140625
2023-01-18,23.530000686645508
2023-01-19,23.753999710083008
2023-01-20,23.829999923706055
2023-01-23,23.45199966430664
2023-01-24,23.64900016784668
2023-01-25,23.839000701904297
2023-01-26,23.93000030517578
2023-01-27,23.527000427246094
2023-01-30,23.645000457763672
2023-01-31,23.74799919128418
2023-02-01,23.520999908447266
2023-02-02,23.534000396728516
2023-02-03,22.333999633789062
2023-02-06,22.177000045776367
2023-02-07,22.117000579833984
2023-02-08,22.367000579833984
2023-02-09,22.097000122070312
2023-02-10,22.034000396728516
2023-02-13,21.81800079345703
2023-02-14,21.841999053955078
2023-02-15,21.54599952697754
2023-02-16,21.68400001525879
2023-02-17,21.694000244140625
2023-02-21,21.868999481201172
2023-02-22,21.660999298095703
2023-02-23,21.298999786376953
2023-02-24,20.805999755859375
2023-02-27,20.670000076293945
2023-02-28,20.961000442504883
2023-03-01,20.958999633789062
2023-03-02,20.766000747680664
2023-03-03,21.093000411987305
2023-03-06,20.983999252319336
2023-03-07,20.054000854492188
2023-03-08,20.0049991607666
2023-03-09,20.024999618530273
2023-03-10,20.375
2023-03-13,21.792999267578125
2023-03-14,21.929000854492188
2023-03-15,21.77400016784668
2023-03-16,21.58799934387207
2023-03-17,22.35099983215332
2023-03-20,22.533000946044922
2023-03-21,22.323999404907227
2023-03-22,22.674999237060547
2023-03-23,23.143999099731445
2023-03-24,23.246999740600586
2023-03-27,23.054000854492188
2023-03-28,23.323999404907227
2023-03-29,23.375999450683594
2023-03-30,23.902000427246094
2023-03-31,24.076000213623047
2023-04-03,23.94099998474121
2023-04-04,25.02199935913086
2023-04-05,24.96299934387207
2023-04-06,25.024999618530273
2023-04-10,24.84600067138672
2023-04-11,25.131000518798828
2023-04-12,25.40399932861328
2023-04-13,25.874000549316406
2023-04-14,25.423999786376953
2023-04-17,25.05299949645996
2023-04-18,25.24799919128418
2023-04-19,25.365999221801758
2023-04-20,25.368000030517578
2023-04-21,25.05299949645996
2023-04-24,25.305999755859375
2023-04-25,24.87700080871582
2023-04-26,24.871000289916992
2023-04-27,24.982999801635742
2023-04-28,24.999000549316406
2023-05-01,25.009000778198242
2023-05-02,25.40399932861328
2023-05-03,25.47599983215332
2023-05-04,26.03499984741211
2023-05-05,25.743000030517578
2023-05-08,25.63599967956543
2023-05-09,25.697999954223633
2023-05-10,25.461000442504883
2023-05-11,24.2549991607666
2023-05-12,23.992000579833984
2023-05-15,24.12700080871582
2023-05-16,23.73699951171875
2023-05-17,23.75200080871582
2023-05-18,23.4950008392334
2023-05-19,23.920000076293945
2023-05-22,23.71500015258789
2023-05-23,23.474000930786133
2023-05-24,23.114999771118164
2023-05-25,22.785999298095703
2023-05-26,23.239999771118164
2023-05-30,23.125
2023-05-31,23.474000930786133
2023-06-01,23.875
2023-06-02,23.64299964904785
2023-06-05,23.534000396728516
2023-06-06,23.573999404907227
2023-06-07,23.43899917602539
2023-06-08,24.263999938964844
2023-06-09,24.333999633789062
2023-06-12,23.985000610351562
2023-06-13,23.756000518798828
2023-06-14,24.04400062561035
2023-06-15,23.891000747680664
2023-06-16,24.076000213623047
2023-06-20,23.19300079345703
2023-06-21,22.77400016784668
2023-06-22,22.43600082397461
2023-06-23,22.327999114990234
2023-06-26,22.80500030517578
2023-06-27,22.93899917602539
2023-06-28,22.868000030517578
2023-06-29,22.590999603271484
2023-06-30,22.809999465942383
2023-07-03,22.895999908447266
2023-07-05,23.19700050354004
2023-07-06,22.68600082397461
2023-07-07,23.091999053955078
2023-07-10,23.150999069213867
2023-07-11,23.086000442504883
2023-07-12,24.118999481201172
2023-07-13,24.76799964904785
2023-07-14,25.013999938964844
2023-07-17,24.8439998626709
2023-07-18,25.083999633789062
2023-07-19,25.2189998626709
2023-07-20,24.80500030517578
2023-07-21,24.697999954223633
2023-07-24,24.43600082397461
2023-07-25,24.68000030517578
2023-07-26,24.825000762939453
2023-07-27,24.236000061035156
2023-07-28,24.3700008392334
2023-07-31,24.854000091552734
2023-08-01,24.20800018310547
2023-08-02,23.753999710083008
2023-08-03,23.586000442504883
2023-08-04,23.617000579833984
2023-08-07,23.142000198364258
2023-08-08,22.716999053955078
2023-08-09,22.649999618530273
2023-08-10,22.746000289916992
2023-08-11,22.673999786376953
2023-08-14,22.643999099731445
2023-08-15,22.594999313354492
2023-08-16,22.479999542236328
2023-08-17,22.670000076293945
2023-08-18,22.69499969482422
2023-08-21,23.304000854492188
2023-08-22,23.420000076293945
2023-08-23,24.363000869750977
2023-08-24,24.211000442504883
2023-08-25,24.219999313354492
2023-08-28,24.238000869750977
2023-08-29,24.777000427246094
2023-08-30,24.733999252319336
2023-08-31,24.472000122070312
2023-09-01,24.23200035095215
2023-09-05,23.558000564575195
2023-09-06,23.20599937438965
2023-09-07,22.950000762939453
2023-09-08,22.892000198364258
2023-09-11,23.10300064086914
2023-09-12,23.12700080871582
2023-09-13,22.91200065612793
2023-09-14,22.74799919128418
2023-09-15,23.125999450683594
2023-09-18,23.23200035095215
2023-09-19,23.194000244140625
2023-09-20,23.57900047302246
2023-09-21,23.444000244140625
2023-09-22,23.59600067138672
2023-09-25,23.145000457763672
2023-09-26,22.950000762939453
2023-09-27,22.476999282836914
2023-09-28,22.514999389648438
2023-09-29,22.236000061035156
2023-10-02,21.218000411987305
2023-10-03,21.17799949645996
2023-10-04,20.95599937438965
2023-10-05,20.847999572753906
2023-10-06,21.540000915527344
2023-10-09,21.740999221801758
2023-10-10,21.775999069213867
2023-10-11,21.957000732421875
2023-10-12,21.79199981689453
2023-10-13,22.726999282836914
2023-10-16,22.610000610351562
2023-10-17,22.863000869750977
2023-10-18,22.944000244140625
2023-10-19,22.886999130249023
2023-10-20,23.35099983215332
2023-10-23,23.07200050354004
2023-10-24,22.979999542236328
2023-10-25,22.87700080871582
2023-10-26,22.78700065612793
2023-10-27,22.770000457763672
2023-10-30,23.281999588012695
2023-10-31,22.840999603271484
2023-11-01,22.684999465942383
2023-11-02,22.750999450683594
2023-11-03,23.201000213623047
2023-11-06,23.14900016784668
2023-11-07,22.507999420166016
2023-11-08,22.64699935913086
2023-11-09,22.83099937438965
2023-11-10,22.21500015258789
2023-11-13,22.298999786376953
2023-11-14,23.07900047302246
2023-11-15,23.485000610351562
2023-11-16,23.892000198364258
2023-11-17,23.80900001525879
2023-11-20,23.57900047302246
2023-11-21,23.843000411987305
2023-11-22,23.672000885009766
2023-11-24,24.32900047302246
2023-11-27,24.672000885009766
2023-11-28,24.93000030517578
2023-11-29,25.07200050354004
2023-11-30,25.292999267578125
2023-12-01,25.499000549316406
2023-12-04,24.55500030517578
2023-12-05,24.201000213623047
2023-12-06,23.888999938964844
2023-12-07,23.73200035095215
2023-12-08,22.97100067138672
2023-12-11,22.773000717163086
2023-12-12,22.72800064086914
2023-12-13,22.638999938964844
2023-12-14,24.09600067138672
2023-12-15,23.8700008392334
2023-12-18,23.83099937438965
2023-12-19,24.040000915527344
2023-12-20,24.347000122070312
2023-12-21,24.30699920654297
2023-12-22,24.290000915527344
2023-12-26,24.143999099731445
2023-12-27,24.375
2023-12-28,24.134000778198242
2023-12-29,23.85300064086914
2024-01-02,23.732999801635742
2024-01-03,22.945999145507812
2024-01-04,22.98900032043457
2024-01-05,23.121999740600586
2024-01-08,23.1200008392334
2024-01-09,22.90399932861328
2024-01-10,22.884000778198242
2024-01-11,22.53700065612793
2024-01-12,23.16200065612793
2024-01-16,22.933000564575195
2024-01-17,22.516000747680664
2024-01-18,22.66699981689453
2024-01-19,22.570999145507812
2024-01-22,22.163000106811523
2024-01-23,22.333999633789062
2024-01-24,22.7549991607666
2024-01-25,22.808000564575195
2024-01-26,22.7549991607666
2024-01-29,23.13800048828125
2024-01-30,23.10700035095215
2024-01-31,23.051000595092773
2024-02-01,23.1299991607666
2024-02-02,22.701000213623047
2024-02-05,22.334999084472656
2024-02-06,22.39299964904785
2024-02-07,22.277999877929688
2024-02-08,22.565000534057617
2024-02-09,22.527999877929688
2024-02-12,22.708999633789062
2024-02-13,22.09600067138672
2024-02-14,22.33099937438965
2024-02-15,22.91200065612793
2024-02-16,23.43899917602539
2024-02-20,23.106000900268555
2024-02-21,22.85099983215332
2024-02-22,22.764999389648438
2024-02-23,22.9689998626709
2024-02-26,22.517000198364258
2024-02-27,22.523000717163086
2024-02-28,22.40999984741211
2024-02-29,22.666000366210938
2024-03-01,23.149999618530273
2024-03-04,23.77899932861328
2024-03-05,23.76300048828125
2024-03-06,24.27199935913086
2024-03-07,24.3700008392334
2024-03-08,24.339000701904297
2024-03-11,24.511999130249023
2024-03-12,24.194000244140625
2024-03-13,24.958999633789062
2024-03-14,24.874000549316406
2024-03-15,25.200000762939453
2024-03-18,25.090999603271484
2024-03-19,24.964000701904297
2024-03-20,24.933000564575195
2024-03-21,24.849000930786133
2024-03-22,24.691999435424805
2024-03-25,24.7450008392334
2024-03-26,24.482999801635742
2024-03-27,24.625
2024-03-28,24.797000885009766
2024-04-01,24.95400047302246
2024-04-02,25.804000854492188
2024-04-03,26.94499969482422
2024-04-04,27.139999389648438
2024-04-05,27.399999618530273
2024-04-08,27.711999893188477
2024-04-09,27.891000747680664
2024-04-10,27.961000442504883
2024-04-11,28.176000595092773
2024-04-12,28.2549991607666
2024-04-15,28.650999069213867
2024-04-16,28.31800079345703
2024-04-17,28.34600067138672
2024-04-18,28.32900047302246
2024-04-19,28.808000564575195
2024-04-22,27.21299934387207
2024-04-23,27.33099937438965
2024-04-24,27.323999404907227
2024-04-25,27.341999053955078
2024-04-26,27.240999221801758
2024-04-29,27.37299919128418
2024-04-30,26.391000747680664
2024-05-01,26.48900032043457
2024-05-02,26.58300018310547
2024-05-03,26.44499969482422
2024-05-06,27.368999481201172
2024-05-07,27.30299949645996
2024-05-08,27.361000061035156
2024-05-09,28.131999969482422
2024-05-10,28.274999618530273
2024-05-13,28.22100067138672
2024-05-14,28.485000610351562
2024-05-15,29.513999938964844
2024-05-16,29.665000915527344
2024-05-17,31.047000885009766
2024-05-20,32.20500183105469
2024-05-21,31.868000030517578
2024-05-22,31.295000076293945
2024-05-23,30.284000396728516
2024-05-24,30.329999923706055
2024-05-28,31.97100067138672
2024-05-29,32.202999114990234
2024-05-30,31.38800048828125
2024-05-31,30.297000885009766
2024-06-03,30.641000747680664
2024-06-04,29.488000869750977
2024-06-05,29.947999954223633
2024-06-06,31.246999740600586
2024-06-07,29.334999084472656
2024-06-10,29.768999099731445
2024-06-11,29.132999420166016
2024-06-12,30.176000595092773
2024-06-13,28.989999771118164
2024-06-14,29.402000427246094
2024-06-17,29.325000762939453
2024-06-18,29.5049991607666
2024-06-20,30.775999069213867
2024-06-21,29.572999954223633
2024-06-24,29.48900032043457
2024-06-25,28.836999893188477
2024-06-26,28.909000396728516
2024-06-27,28.917999267578125
2024-06-28,29.23699951171875
2024-07-01,29.299999237060547
2024-07-02,29.35300064086914
2024-07-03,30.54800033569336
2024-07-05,31.38800048828125
2024-07-08,30.618000030517578
2024-07-09,30.77199935913086
2024-07-10,30.726999282836914
2024-07-11,31.393999099731445
2024-07-12,30.88599967956543
2024-07-15,30.672000885009766
2024-07-16,31.19499969482422
2024-07-17,30.136999130249023
2024-07-18,29.9950008392334
2024-07-19,29.08799934387207
2024-07-22,29.124000549316406
2024-07-23,29.131999969482422
2024-07-24,29.115999221801758
2024-07-25,27.80699920654297
2024-07-26,27.860000610351562
2024-07-29,27.702999114990234
2024-07-30,28.364999771118164
2024-07-31,28.777999877929688
2024-08-01,28.33099937438965
2024-08-02,28.246000289916992
2024-08-05,27.076000213623047
2024-08-06,27.09600067138672
2024-08-07,26.829999923706055
2024-08-08,27.5
2024-08-09,27.48699951171875
2024-08-12,27.91699981689453
2024-08-13,27.69499969482422
2024-08-14,27.253999710083008
2024-08-15,28.341999053955078
2024-08-16,28.777999877929688
2024-08-19,29.239999771118164
2024-08-20,29.454999923706055
2024-08-21,29.47599983215332
2024-08-22,29.006000518798828
2024-08-23,29.785999298095703
2024-08-26,29.976999282836914
2024-08-27,29.951000213623047
2024-08-28,29.176000595092773
2024-08-29,29.55699920654297
2024-08-30,28.731000900268555
2024-09-03,27.951000213623047
2024-09-04,28.16699981689453
2024-09-05,28.719999313354492
2024-09-06,27.808000564575195
2024-09-09,28.291000366210938
2024-09-10,28.256999969482422
2024-09-11,28.562999725341797
2024-09-12,29.743000030517578
2024-09-13,30.698999404907227
2024-09-16,30.770999908447266
2024-09-17,30.618999481201172
2024-09-18,30.340999603271484
2024-09-19,31.0939998626709
2024-09-20,31.176000595092773
2024-09-23,30.767000198364258
2024-09-24,32.111000061035156
2024-09-25,31.697999954223633
2024-09-26,32.025001525878906
2024-09-27,31.518999099731445
2024-09-30,31.163999557495117
2024-10-01,31.44499969482422
2024-10-02,31.628000259399414
2024-10-03,32.18899917602539
2024-10-04,32.12799835205078
2024-10-07,31.7450008392334
2024-10-08,30.354999542236328
2024-10-09,30.424999237060547
2024-10-10,31.0049991607666
2024-10-11,31.520000457763672
2024-10-14,31.08300018310547
2024-10-15,31.527000427246094
2024-10-16,31.760000228881836
2024-10-17,31.572999954223633
2024-10-18,33.03200149536133
2024-10-21,33.86899948120117
2024-10-22,34.83100128173828
2024-10-23,33.63999938964844
2024-10-24,33.611000061035156
2024-10-25,33.60300064086914
2024-10-28,33.83000183105469
2024-10-29,34.26900100708008
2024-10-30,33.91400146484375
2024-10-31,32.65299987792969
2024-11-01,32.54199981689453
2024-11-04,32.47999954223633
2024-11-05,32.654998779296875
2024-11-06,31.22100067138672
2024-11-07,31.764999389648438
2024-11-08,31.358999252319336
2024-11-11,30.540000915527344
2024-11-12,30.68600082397461
2024-11-13,30.59000015258789
2024-11-14,30.507999420166016
2024-11-15,30.371000289916992
2024-11-18,31.163000106811523
2024-11-19,31.20800018310547
2024-11-20,30.95599937438965
2024-11-21,30.91200065612793
2024-11-22,31.30900001525879
2024-11-25,30.209999084472656
2024-11-26,30.38800048828125
2024-11-27,30.111000061035156
2024-11-29,30.684999465942383
2024-12-02,30.448999404907227
2024-12-03,31.07699966430664
2024-12-04,31.5049991607666
2024-12-05,31.134000778198242
2024-12-06,31.18600082397461
2024-12-09,32.215999603271484
2024-12-10,32.362998962402344
2024-12-11,32.5620002746582
2024-12-12,31.22800064086914
2024-12-13,30.655000686645508
2024-12-16,30.69700050354004
2024-12-17,30.572999954223633
2024-12-18,30.40999984741211
2024-12-19,29.0939998626709
2024-12-20,29.65999984741211
2024-12-23,29.88800048828125
2024-12-24,29.974000930786133
2024-12-26,30.047000885009766
2024-12-27,29.655000686645508
2024-12-30,29.106000900268555
2024-12-31,28.940000534057617
2025-01-02,29.621999740600586
2025-01-03,29.805999755859375
2025-01-06,30.341999053955078
2025-01-07,30.44700050354004
2025-01-08,30.45199966430664
2025-01-09,30.791000366210938
2025-01-10,31.090999603271484
2025-01-13,30.090999603271484
2025-01-14,30.131999969482422
2025-01-15,31.319000244140625
2025-01-16,31.523000717163086
2025-01-17,30.951000213623047
2025-01-21,31.31100082397461
2025-01-22,31.23900032043457
2025-01-23,30.67300033569336
2025-01-24,31.023000717163086
2025-01-27,30.253999710083008
2025-01-28,30.726999282836914
2025-01-29,31.238000869750977
2025-01-30,32.36399841308594
2025-01-31,32.12799835205078
2025-02-03,32.391998291015625
2025-02-04,32.88800048828125
2025-02-05,32.856998443603516
2025-02-06,32.518001556396484
2025-02-07,32.334999084472656
2025-02-10,32.391998291015625
2025-02-11,32.23099899291992
2025-02-12,32.69499969482422
2025-02-13,32.650001525878906
2025-02-14,32.80099868774414
2025-02-18,33.31700134277344
2025-02-19,32.99300003051758
2025-02-20,33.444000244140625
2025-02-21,32.97600173950195
2025-02-24,32.57500076293945
2025-02-25,31.801000595092773
2025-02-26,32.25299835205078
2025-02-27,31.801000595092773
2025-02-28,31.2189998626709
2025-03-03,32.03200149536133
2025-03-04,32.108001708984375
2025-03-05,32.858001708984375
2025-03-06,33.0629997253418
2025-03-07,32.54800033569336
2025-03-10,32.275001525878906
2025-03-11,32.88800048828125
2025-03-12,33.48400115966797
2025-03-13,34.05099868774414
2025-03-14,34.1870002746582
2025-03-17,34.07400131225586
2025-03-18,34.57899856567383
2025-03-19,33.974998474121094
2025-03-20,33.7859992980957
2025-03-21,33.290000915527344
2025-03-24,33.26499938964844
2025-03-25,34.00199890136719
2025-03-26,34.03300094604492
2025-03-27,34.89699935913086
2025-03-28,34.64400100708008
2025-03-31,34.457000732421875
2025-04-01,34.15800094604492
2025-04-02,34.499000549316406
2025-04-03,31.8439998626709
2025-04-04,29.115999221801758
2025-04-07,29.510000228881836
2025-04-08,29.591999053955078
2025-04-09,30.322999954223633
2025-04-10,30.67099952697754
2025-04-11,31.823999404907227
2025-04-14,32.09199905395508
2025-04-15,32.22700119018555
2025-04-16,32.92599868774414
2025-04-17,32.41999816894531
2025-04-21,32.49599838256836
2025-04-22,32.880001068115234
2025-04-23,33.518001556396484
2025-04-24,33.481998443603516
2025-04-25,32.98899841308594
2025-04-28,32.9900016784668
2025-04-29,33.275001525878906
2025-04-30,32.53099822998047
2025-05-01,32.18899917602539
2025-05-02,31.98900032043457
2025-05-05,32.20500183105469
2025-05-06,33.112998962402344
2025-05-07,32.53099822998047
2025-05-08,32.37799835205078
2025-05-09,32.67599868774414
2025-05-12,32.38800048828125
2025-05-13,32.86800003051758
2025-05-14,32.22600173950195
2025-05-15,32.48099899291992
2025-05-16,32.15800094604492
2025-05-19,32.3129997253418
2025-05-20,32.97999954223633
2025-05-21,33.4630012512207
2025-05-22,33.047000885009766
2025-05-23,33.44200134277344
2025-05-27,33.145999908447266
2025-05-28,33.0
2025-05-29,33.28300094604492
2025-05-30,32.891998291015625
2025-06-02,34.5629997253418
2025-06-03,34.50299835205078
2025-06-04,34.51900100708008
2025-06-05,35.68899917602539
2025-06-06,36.025001525878906
2025-06-09,36.6879997253418
2025-06-10,36.54199981689453
2025-06-11,36.16600036621094
2025-06-12,36.2130012512207
2025-06-13,36.28099822998047
2025-06-16,36.37900161743164
2025-06-17,37.09000015258789
2025-06-18,36.86600112915039
2025-06-20,35.97600173950195
2025-06-23,36.15299987792969
2025-06-24,35.70100021362305
2025-06-25,36.084999084472656
2025-06-26,36.58599853515625
2025-06-27,36.0369987487793
2025-06-30,35.85200119018555
2025-07-01,36.082000732421875
2025-07-02,36.42599868774414
2025-07-03,36.784000396728516
2025-07-04,36.775001525878906
2025-07-07,36.6150016784668
2025-07-08,36.47200012207031
2025-07-09,36.35100173950195
2025-07-10,37.03799819946289
2025-07-11,38.67599868774414
2025-07-14,38.46200180053711
2025-07-15,37.83399963378906
2025-07-16,37.85300064086914
2025-07-17,38.055999755859375
2025-07-18,38.222999572753906
2025-07-21,39.10100173950195
2025-07-22,39.31999969482422
2025-07-23,39.27799987792969
2025-07-24,39.020999908447266
2025-07-25,38.16699981689453
2025-07-28,38.0260009765625
2025-07-29,38.08399963378906
2025-07-30,37.566001892089844
2025-07-31,36.551998138427734
2025-08-01,36.7869987487793
2025-08-04,37.19200134277344
2025-08-05,37.6870002746582
2025-08-06,37.76599884033203
2025-08-07,38.15800094604492
2025-08-08,38.41699981689453
2025-08-11,37.6619987487793
2025-08-12,37.89899826049805
2025-08-13,38.499000549316406
2025-08-14,37.981998443603516
2025-08-15,37.89400100708008
2025-08-18,37.95100021362305
2025-08-19,37.26100158691406
2025-08-20,37.70500183105469
2025-08-21,38.027000427246094
2025-08-22,39.00299835205078
2025-08-25,38.676998138427734
2025-08-26,38.582000732421875
2025-08-27,38.68899917602539
2025-08-28,39.189998626708984
2025-08-29,40.20000076293945
2025-09-02,41.07099914550781
2025-09-03,41.54199981689453
2025-09-04,40.9109992980957
2025-09-05,41.07400131225586
2025-09-08,41.42599868774414
2025-09-09,40.87799835205078
2025-09-10,41.132999420166016
2025-09-11,41.696998596191406
2025-09-12,42.387001037597656
2025-09-15,42.516998291015625
2025-09-16,42.47100067138672
2025-09-17,41.72200012207031
2025-09-18,41.707000732421875
2025-09-19,42.5359992980957
2025-09-22,43.79899978637695
2025-09-23,44.19200134277344
2025-09-24,43.777000427246094
2025-09-25,44.696998596191406
2025-09-26,46.22100067138672
2025-09-29,46.61199951171875
2025-09-30,46.25299835205078
2025-10-01,47.290000915527344
2025-10-02,46.0
2025-10-03,47.59700012207031
2025-10-06,48.082000732421875
2025-10-07,47.17900085449219
2025-10-08,48.65599822998047
2025-10-09,46.849998474121094
2025-10-10,46.9379997253418
2025-10-13,50.130001068115234
2025-10-14,50.31399917602539
2025-10-15,51.073001861572266
2025-10-16,53.02299880981445
2025-10-17,49.86399841308594
2025-10-20,51.11899948120117
2025-10-21,47.45000076293945
2025-10-22,47.46099853515625
2025-10-23,48.481998443603516
2025-10-24,48.37699890136719
2025-10-27,46.5620002746582
2025-10-28,47.125
2025-10-29,47.72100067138672
2025-10-30,48.428001403808594
2025-10-31,47.99399948120117
2025-11-03,47.88800048828125
2025-11-04,47.130001068115234
2025-11-05,47.862998962402344
2025-11-06,47.79399871826172
2025-11-07,48.016998291015625
2025-11-10,50.176998138427734
2025-11-11,50.61800003051758
2025-11-12,53.332000732421875
2025-11-13,53.07400131225586
2025-11-14,50.59000015258789
2025-11-17,50.625
2025-11-18,50.45000076293945
2025-11-19,50.790000915527344
2025-11-20,50.24700164794922
2025-11-21,49.87300109863281
2025-11-24,50.29499816894531
2025-11-25,50.933998107910156
2025-11-26,52.91600036621094
2025-11-28,56.44599914550781
2025-12-01,58.417999267578125
2025-12-02,57.983001708984375
2025-12-03,57.92100143432617
2025-12-04,56.84700012207031
2025-12-05,58.422000885009766
2025-12-08,57.77899932861328
2025-12-09,60.16899871826172
2025-12-10,60.37900161743164
2025-12-11,63.92900085449219
2025-12-12,61.36199951171875
2025-12-15,62.939998626708984
2025-12-16,62.70000076293945
2025-12-17,66.23699951171875
2025-12-18,64.59200286865234
2025-12-19,66.84500122070312
2025-12-22,67.90599822998047
2025-12-23,70.48500061035156
2025-12-24,71.03099822998047
2025-12-26,76.48600006103516
2025-12-29,69.85600280761719
2025-12-30,77.3740005493164
2025-12-31,70.13400268554688
2026-01-02,70.55599975585938
2026-01-05,76.16400146484375
2026-01-06,80.52999877929688
2026-01-07,77.13500213623047
2026-01-08,74.71600341796875
2026-01-09,78.88400268554688
2026-01-12,84.61000061035156
2026-01-13,85.87699890136719
2026-01-14,90.86900329589844
2026-01-15,91.8759994506836
2026-01-16,88.09100341796875
2026-01-20,94.20600128173828
2026-01-21,92.20999908447266
2026-01-22,95.97599792480469
2026-01-23,100.92500305175781
2026-01-26,115.08000183105469
2026-01-27,105.52300262451172
2026-01-28,113.11100006103516
2026-01-29,114.03700256347656
2026-01-30,78.29000091552734
2026-02-02,76.77799987792969
2026-02-03,83.04199981689453
2026-02-04,84.16500091552734
2026-02-05,76.52899932861328
2026-02-06,76.73500061035156
